日期,时刻,用电量(kWh)
2026-01-01,0,373.2
2026-01-01,1,389.5
2026-01-01,2,370.7
2026-01-01,3,427.1
2026-01-01,4,431.0
2026-01-01,5,395.0
2026-01-01,6,1100.4
2026-01-01,7,981.6
2026-01-01,8,2419.8
2026-01-01,9,2235.8
2026-01-01,10,2329.4
2026-01-01,11,2275.2
2026-01-01,12,1217.4
2026-01-01,13,1330.4
2026-01-01,14,2780.6
2026-01-01,15,2527.2
2026-01-01,16,2583.0
2026-01-01,17,2661.5
2026-01-01,18,1911.8
2026-01-01,19,1882.9
2026-01-01,20,1891.3
2026-01-01,21,855.4
2026-01-01,22,948.5
2026-01-01,23,941.2
2026-01-02,0,394.4
2026-01-02,1,433.0
2026-01-02,2,425.7
2026-01-02,3,392.2
2026-01-02,4,391.7
2026-01-02,5,430.4
2026-01-02,6,1072.5
2026-01-02,7,1027.6
2026-01-02,8,2243.1
2026-01-02,9,2585.8
2026-01-02,10,2495.9
2026-01-02,11,2516.1
2026-01-02,12,1327.3
2026-01-02,13,1251.0
2026-01-02,14,2781.6
2026-01-02,15,2678.7
2026-01-02,16,2850.1
2026-01-02,17,2739.7
2026-01-02,18,1838.2
2026-01-02,19,1928.0
2026-01-02,20,1951.9
2026-01-02,21,984.8
2026-01-02,22,947.6
2026-01-02,23,865.5
2026-01-03,0,199.3
2026-01-03,1,197.0
2026-01-03,2,195.5
2026-01-03,3,216.1
2026-01-03,4,205.6
2026-01-03,5,217.5
2026-01-03,6,573.4
2026-01-03,7,539.5
2026-01-03,8,1171.9
2026-01-03,9,1236.4
2026-01-03,10,1170.0
2026-01-03,11,1329.8
2026-01-03,12,646.0
2026-01-03,13,640.8
2026-01-03,14,1377.1
2026-01-03,15,1289.3
2026-01-03,16,1369.4
2026-01-03,17,1299.9
2026-01-03,18,957.9
2026-01-03,19,1009.1
2026-01-03,20,992.2
2026-01-03,21,477.2
2026-01-03,22,496.5
2026-01-03,23,455.2
2026-01-04,0,196.0
2026-01-04,1,208.9
2026-01-04,2,202.9
2026-01-04,3,196.2
2026-01-04,4,202.8
2026-01-04,5,194.4
2026-01-04,6,560.0
2026-01-04,7,544.4
2026-01-04,8,1326.2
2026-01-04,9,1326.5
2026-01-04,10,1295.2
2026-01-04,11,1198.7
2026-01-04,12,673.6
2026-01-04,13,645.0
2026-01-04,14,1283.7
2026-01-04,15,1390.8
2026-01-04,16,1422.9
2026-01-04,17,1445.9
2026-01-04,18,996.8
2026-01-04,19,926.2
2026-01-04,20,959.0
2026-01-04,21,501.7
2026-01-04,22,496.7
2026-01-04,23,441.9
2026-01-05,0,421.8
2026-01-05,1,392.1
2026-01-05,2,396.5
2026-01-05,3,395.7
2026-01-05,4,433.1
2026-01-05,5,419.3
2026-01-05,6,957.7
2026-01-05,7,1019.7
2026-01-05,8,2368.8
2026-01-05,9,2542.0
2026-01-05,10,2559.7
2026-01-05,11,2227.1
2026-01-05,12,1222.3
2026-01-05,13,1172.5
2026-01-05,14,2805.8
2026-01-05,15,2853.3
2026-01-05,16,2564.2
2026-01-05,17,2675.8
2026-01-05,18,1804.5
2026-01-05,19,1907.4
2026-01-05,20,1731.0
2026-01-05,21,854.3
2026-01-05,22,886.2
2026-01-05,23,965.3
2026-01-06,0,372.0
2026-01-06,1,374.6
2026-01-06,2,404.6
2026-01-06,3,393.3
2026-01-06,4,390.3
2026-01-06,5,418.0
2026-01-06,6,953.2
2026-01-06,7,1110.5
2026-01-06,8,2298.7
2026-01-06,9,2582.3
2026-01-06,10,2503.7
2026-01-06,11,2481.2
2026-01-06,12,1326.8
2026-01-06,13,1171.9
2026-01-06,14,2707.8
2026-01-06,15,2596.0
2026-01-06,16,2507.0
2026-01-06,17,2533.1
2026-01-06,18,1793.2
2026-01-06,19,1926.3
2026-01-06,20,1933.2
2026-01-06,21,972.0
2026-01-06,22,860.9
2026-01-06,23,890.7
2026-01-07,0,406.1
2026-01-07,1,401.8
2026-01-07,2,378.1
2026-01-07,3,414.1
2026-01-07,4,420.2
2026-01-07,5,405.3
2026-01-07,6,1009.3
2026-01-07,7,1115.7
2026-01-07,8,2451.8
2026-01-07,9,2300.0
2026-01-07,10,2263.6
2026-01-07,11,2449.0
2026-01-07,12,1318.3
2026-01-07,13,1185.3
2026-01-07,14,2720.9
2026-01-07,15,2622.4
2026-01-07,16,2804.0
2026-01-07,17,2802.5
2026-01-07,18,1696.6
2026-01-07,19,1937.3
2026-01-07,20,1815.5
2026-01-07,21,973.5
2026-01-07,22,966.8
2026-01-07,23,972.0
2026-01-08,0,376.1
2026-01-08,1,426.4
2026-01-08,2,402.0
2026-01-08,3,433.8
2026-01-08,4,427.9
2026-01-08,5,393.3
2026-01-08,6,1057.4
2026-01-08,7,1106.8
2026-01-08,8,2277.8
2026-01-08,9,2259.6
2026-01-08,10,2503.8
2026-01-08,11,2392.0
2026-01-08,12,1206.7
2026-01-08,13,1231.3
2026-01-08,14,2660.7
2026-01-08,15,2695.0
2026-01-08,16,2827.7
2026-01-08,17,2588.2
2026-01-08,18,1881.8
2026-01-08,19,1871.8
2026-01-08,20,1767.3
2026-01-08,21,901.2
2026-01-08,22,965.9
2026-01-08,23,885.2
2026-01-09,0,418.2
2026-01-09,1,371.9
2026-01-09,2,395.4
2026-01-09,3,410.9
2026-01-09,4,383.5
2026-01-09,5,429.4
2026-01-09,6,1117.3
2026-01-09,7,1010.8
2026-01-09,8,2413.0
2026-01-09,9,2588.8
2026-01-09,10,2372.2
2026-01-09,11,2445.7
2026-01-09,12,1279.5
2026-01-09,13,1262.1
2026-01-09,14,2537.6
2026-01-09,15,2447.5
2026-01-09,16,2748.6
2026-01-09,17,2589.4
2026-01-09,18,1739.4
2026-01-09,19,1782.1
2026-01-09,20,1803.5
2026-01-09,21,968.2
2026-01-09,22,905.8
2026-01-09,23,928.0
2026-01-10,0,202.2
2026-01-10,1,219.9
2026-01-10,2,218.6
2026-01-10,3,198.8
2026-01-10,4,201.4
2026-01-10,5,199.6
2026-01-10,6,553.2
2026-01-10,7,500.2
2026-01-10,8,1337.4
2026-01-10,9,1190.6
2026-01-10,10,1173.8
2026-01-10,11,1237.9
2026-01-10,12,683.8
2026-01-10,13,668.5
2026-01-10,14,1338.7
2026-01-10,15,1417.8
2026-01-10,16,1470.5
2026-01-10,17,1436.5
2026-01-10,18,1027.8
2026-01-10,19,980.6
2026-01-10,20,938.4
2026-01-10,21,478.3
2026-01-10,22,443.5
2026-01-10,23,507.8
2026-01-11,0,225.6
2026-01-11,1,225.1
2026-01-11,2,198.7
2026-01-11,3,216.6
2026-01-11,4,221.1
2026-01-11,5,214.9
2026-01-11,6,540.0
2026-01-11,7,498.1
2026-01-11,8,1219.5
2026-01-11,9,1220.7
2026-01-11,10,1263.5
2026-01-11,11,1237.8
2026-01-11,12,630.9
2026-01-11,13,663.6
2026-01-11,14,1449.1
2026-01-11,15,1304.6
2026-01-11,16,1304.1
2026-01-11,17,1289.7
2026-01-11,18,988.9
2026-01-11,19,927.2
2026-01-11,20,934.3
2026-01-11,21,464.6
2026-01-11,22,481.8
2026-01-11,23,514.7
2026-01-12,0,415.7
2026-01-12,1,400.4
2026-01-12,2,414.9
2026-01-12,3,397.3
2026-01-12,4,378.5
2026-01-12,5,424.1
2026-01-12,6,1104.4
2026-01-12,7,1005.1
2026-01-12,8,2376.0
2026-01-12,9,2458.1
2026-01-12,10,2473.7
2026-01-12,11,2222.3
2026-01-12,12,1301.0
2026-01-12,13,1347.0
2026-01-12,14,2487.9
2026-01-12,15,2493.9
2026-01-12,16,2495.5
2026-01-12,17,2844.1
2026-01-12,18,1712.5
2026-01-12,19,1938.4
2026-01-12,20,1935.7
2026-01-12,21,946.7
2026-01-12,22,949.8
2026-01-12,23,894.5
2026-01-13,0,410.4
2026-01-13,1,377.5
2026-01-13,2,371.1
2026-01-13,3,416.8
2026-01-13,4,396.7
2026-01-13,5,400.0
2026-01-13,6,1051.1
2026-01-13,7,1071.1
2026-01-13,8,2477.1
2026-01-13,9,2473.7
2026-01-13,10,2300.3
2026-01-13,11,2383.0
2026-01-13,12,1280.6
2026-01-13,13,1186.2
2026-01-13,14,2437.8
2026-01-13,15,2609.7
2026-01-13,16,2780.0
2026-01-13,17,2449.6
2026-01-13,18,1871.3
2026-01-13,19,1948.5
2026-01-13,20,1708.7
2026-01-13,21,923.6
2026-01-13,22,910.7
2026-01-13,23,898.4
2026-01-14,0,401.4
2026-01-14,1,414.8
2026-01-14,2,397.3
2026-01-14,3,397.2
2026-01-14,4,375.1
2026-01-14,5,371.6
2026-01-14,6,1115.8
2026-01-14,7,1109.1
2026-01-14,8,2606.9
2026-01-14,9,2310.2
2026-01-14,10,2315.0
2026-01-14,11,2304.4
2026-01-14,12,1257.8
2026-01-14,13,1325.5
2026-01-14,14,2826.4
2026-01-14,15,2740.9
2026-01-14,16,2505.3
2026-01-14,17,2587.9
2026-01-14,18,1928.4
2026-01-14,19,1948.8
2026-01-14,20,1750.4
2026-01-14,21,863.5
2026-01-14,22,901.3
2026-01-14,23,938.2
2026-01-15,0,430.9
2026-01-15,1,432.1
2026-01-15,2,387.0
2026-01-15,3,406.3
2026-01-15,4,400.1
2026-01-15,5,425.5
2026-01-15,6,962.7
2026-01-15,7,979.9
2026-01-15,8,2489.2
2026-01-15,9,2426.0
2026-01-15,10,2453.3
2026-01-15,11,2274.6
2026-01-15,12,1331.5
2026-01-15,13,1303.2
2026-01-15,14,2510.3
2026-01-15,15,2785.1
2026-01-15,16,2500.1
2026-01-15,17,2579.6
2026-01-15,18,1726.1
2026-01-15,19,1985.6
2026-01-15,20,1788.7
2026-01-15,21,937.7
2026-01-15,22,877.3
2026-01-15,23,922.9
2026-01-16,0,386.0
2026-01-16,1,423.1
2026-01-16,2,428.0
2026-01-16,3,415.8
2026-01-16,4,411.3
2026-01-16,5,411.1
2026-01-16,6,991.6
2026-01-16,7,974.5
2026-01-16,8,2366.5
2026-01-16,9,2280.8
2026-01-16,10,2460.7
2026-01-16,11,2373.7
2026-01-16,12,1269.2
2026-01-16,13,1277.0
2026-01-16,14,2853.2
2026-01-16,15,2458.5
2026-01-16,16,2478.0
2026-01-16,17,2656.1
2026-01-16,18,1835.2
2026-01-16,19,1851.2
2026-01-16,20,1770.0
2026-01-16,21,865.7
2026-01-16,22,929.5
2026-01-16,23,922.1
2026-01-17,0,212.6
2026-01-17,1,223.3
2026-01-17,2,222.1
2026-01-17,3,193.8
2026-01-17,4,204.9
2026-01-17,5,210.9
2026-01-17,6,515.5
2026-01-17,7,535.3
2026-01-17,8,1330.6
2026-01-17,9,1290.5
2026-01-17,10,1270.1
2026-01-17,11,1254.2
2026-01-17,12,653.7
2026-01-17,13,628.9
2026-01-17,14,1310.9
2026-01-17,15,1450.4
2026-01-17,16,1367.0
2026-01-17,17,1475.7
2026-01-17,18,914.2
2026-01-17,19,1024.1
2026-01-17,20,984.2
2026-01-17,21,488.9
2026-01-17,22,444.0
2026-01-17,23,503.2
2026-01-18,0,215.9
2026-01-18,1,203.0
2026-01-18,2,204.7
2026-01-18,3,207.8
2026-01-18,4,199.8
2026-01-18,5,218.0
2026-01-18,6,571.1
2026-01-18,7,543.8
2026-01-18,8,1349.1
2026-01-18,9,1204.5
2026-01-18,10,1237.0
2026-01-18,11,1252.2
2026-01-18,12,706.8
2026-01-18,13,647.2
2026-01-18,14,1364.3
2026-01-18,15,1372.8
2026-01-18,16,1460.7
2026-01-18,17,1462.1
2026-01-18,18,1003.2
2026-01-18,19,912.8
2026-01-18,20,1002.9
2026-01-18,21,480.4
2026-01-18,22,483.7
2026-01-18,23,504.0
2026-01-19,0,377.3
2026-01-19,1,402.9
2026-01-19,2,430.1
2026-01-19,3,387.6
2026-01-19,4,391.4
2026-01-19,5,405.1
2026-01-19,6,1040.5
2026-01-19,7,1020.7
2026-01-19,8,2364.3
2026-01-19,9,2427.5
2026-01-19,10,2272.7
2026-01-19,11,2441.5
2026-01-19,12,1339.2
2026-01-19,13,1270.2
2026-01-19,14,2444.2
2026-01-19,15,2842.3
2026-01-19,16,2678.8
2026-01-19,17,2596.9
2026-01-19,18,1727.4
2026-01-19,19,1906.5
2026-01-19,20,1917.8
2026-01-19,21,933.7
2026-01-19,22,852.2
2026-01-19,23,932.5
2026-01-20,0,382.8
2026-01-20,1,433.6
2026-01-20,2,399.0
2026-01-20,3,431.1
2026-01-20,4,372.1
2026-01-20,5,425.3
2026-01-20,6,1116.9
2026-01-20,7,971.8
2026-01-20,8,2446.9
2026-01-20,9,2552.2
2026-01-20,10,2460.8
2026-01-20,11,2350.5
2026-01-20,12,1181.8
2026-01-20,13,1178.6
2026-01-20,14,2786.6
2026-01-20,15,2637.9
2026-01-20,16,2540.4
2026-01-20,17,2447.2
2026-01-20,18,1763.4
2026-01-20,19,1758.9
2026-01-20,20,1930.4
2026-01-20,21,935.8
2026-01-20,22,973.2
2026-01-20,23,848.9
2026-01-21,0,388.8
2026-01-21,1,372.3
2026-01-21,2,422.1
2026-01-21,3,394.9
2026-01-21,4,387.1
2026-01-21,5,407.4
2026-01-21,6,1037.0
2026-01-21,7,1071.7
2026-01-21,8,2532.6
2026-01-21,9,2308.6
2026-01-21,10,2473.3
2026-01-21,11,2534.0
2026-01-21,12,1203.8
2026-01-21,13,1203.9
2026-01-21,14,2575.0
2026-01-21,15,2565.7
2026-01-21,16,2850.1
2026-01-21,17,2760.9
2026-01-21,18,1790.3
2026-01-21,19,1943.3
2026-01-21,20,1893.8
2026-01-21,21,926.9
2026-01-21,22,991.1
2026-01-21,23,870.9
2026-01-22,0,404.9
2026-01-22,1,399.6
2026-01-22,2,400.6
2026-01-22,3,422.6
2026-01-22,4,423.0
2026-01-22,5,400.3
2026-01-22,6,1098.0
2026-01-22,7,991.6
2026-01-22,8,2563.9
2026-01-22,9,2227.9
2026-01-22,10,2498.5
2026-01-22,11,2553.2
2026-01-22,12,1274.3
2026-01-22,13,1176.1
2026-01-22,14,2797.3
2026-01-22,15,2482.0
2026-01-22,16,2495.8
2026-01-22,17,2718.1
2026-01-22,18,1892.1
2026-01-22,19,1835.1
2026-01-22,20,1705.8
2026-01-22,21,904.3
2026-01-22,22,921.3
2026-01-22,23,894.5
2026-01-23,0,409.3
2026-01-23,1,418.5
2026-01-23,2,422.8
2026-01-23,3,420.7
2026-01-23,4,416.4
2026-01-23,5,433.2
2026-01-23,6,998.4
2026-01-23,7,1017.6
2026-01-23,8,2420.9
2026-01-23,9,2588.9
2026-01-23,10,2403.4
2026-01-23,11,2222.1
2026-01-23,12,1348.7
2026-01-23,13,1299.5
2026-01-23,14,2576.3
2026-01-23,15,2564.8
2026-01-23,16,2627.8
2026-01-23,17,2467.4
2026-01-23,18,1864.7
2026-01-23,19,1965.4
2026-01-23,20,1920.9
2026-01-23,21,985.2
2026-01-23,22,852.8
2026-01-23,23,961.6
2026-01-24,0,221.3
2026-01-24,1,213.0
2026-01-24,2,203.6
2026-01-24,3,208.2
2026-01-24,4,222.6
2026-01-24,5,222.8
2026-01-24,6,529.7
2026-01-24,7,529.3
2026-01-24,8,1176.0
2026-01-24,9,1187.3
2026-01-24,10,1171.1
2026-01-24,11,1251.7
2026-01-24,12,696.9
2026-01-24,13,690.7
2026-01-24,14,1276.5
2026-01-24,15,1372.2
2026-01-24,16,1462.1
2026-01-24,17,1459.2
2026-01-24,18,971.1
2026-01-24,19,999.7
2026-01-24,20,902.7
2026-01-24,21,468.5
2026-01-24,22,509.1
2026-01-24,23,511.3
2026-01-25,0,204.0
2026-01-25,1,223.5
2026-01-25,2,199.3
2026-01-25,3,205.6
2026-01-25,4,206.8
2026-01-25,5,195.8
2026-01-25,6,512.5
2026-01-25,7,540.0
2026-01-25,8,1214.0
2026-01-25,9,1191.4
2026-01-25,10,1172.3
2026-01-25,11,1345.5
2026-01-25,12,674.7
2026-01-25,13,626.5
2026-01-25,14,1425.0
2026-01-25,15,1307.6
2026-01-25,16,1273.9
2026-01-25,17,1310.6
2026-01-25,18,951.1
2026-01-25,19,915.2
2026-01-25,20,945.2
2026-01-25,21,495.6
2026-01-25,22,514.5
2026-01-25,23,464.9
2026-01-26,0,388.5
2026-01-26,1,371.2
2026-01-26,2,425.1
2026-01-26,3,399.5
2026-01-26,4,424.5
2026-01-26,5,377.4
2026-01-26,6,959.9
2026-01-26,7,1084.9
2026-01-26,8,2543.9
2026-01-26,9,2520.4
2026-01-26,10,2354.6
2026-01-26,11,2396.4
2026-01-26,12,1243.1
2026-01-26,13,1319.9
2026-01-26,14,2735.7
2026-01-26,15,2789.5
2026-01-26,16,2563.5
2026-01-26,17,2756.4
2026-01-26,18,1948.0
2026-01-26,19,1936.1
2026-01-26,20,1831.4
2026-01-26,21,903.5
2026-01-26,22,868.8
2026-01-26,23,942.2
2026-01-27,0,405.9
2026-01-27,1,415.6
2026-01-27,2,433.9
2026-01-27,3,411.9
2026-01-27,4,426.4
2026-01-27,5,406.5
2026-01-27,6,1113.9
2026-01-27,7,1031.1
2026-01-27,8,2272.2
2026-01-27,9,2262.0
2026-01-27,10,2281.7
2026-01-27,11,2431.1
2026-01-27,12,1182.2
2026-01-27,13,1182.4
2026-01-27,14,2780.4
2026-01-27,15,2535.1
2026-01-27,16,2543.4
2026-01-27,17,2656.7
2026-01-27,18,1744.5
2026-01-27,19,1713.7
2026-01-27,20,1857.8
2026-01-27,21,911.1
2026-01-27,22,919.6
2026-01-27,23,950.9
2026-01-28,0,423.9
2026-01-28,1,382.5
2026-01-28,2,391.9
2026-01-28,3,406.0
2026-01-28,4,414.1
2026-01-28,5,392.9
2026-01-28,6,1090.2
2026-01-28,7,1084.2
2026-01-28,8,2492.2
2026-01-28,9,2409.3
2026-01-28,10,2402.7
2026-01-28,11,2278.3
2026-01-28,12,1362.3
2026-01-28,13,1165.7
2026-01-28,14,2715.7
2026-01-28,15,2440.7
2026-01-28,16,2836.4
2026-01-28,17,2636.2
2026-01-28,18,1847.9
2026-01-28,19,1898.3
2026-01-28,20,1790.3
2026-01-28,21,902.6
2026-01-28,22,889.2
2026-01-28,23,942.7
2026-01-29,0,388.2
2026-01-29,1,390.8
2026-01-29,2,415.5
2026-01-29,3,388.3
2026-01-29,4,371.0
2026-01-29,5,406.1
2026-01-29,6,1067.5
2026-01-29,7,973.4
2026-01-29,8,2281.7
2026-01-29,9,2422.1
2026-01-29,10,2583.1
2026-01-29,11,2560.2
2026-01-29,12,1232.5
2026-01-29,13,1301.4
2026-01-29,14,2762.3
2026-01-29,15,2685.0
2026-01-29,16,2481.5
2026-01-29,17,2500.4
2026-01-29,18,1949.2
2026-01-29,19,1832.8
2026-01-29,20,1749.9
2026-01-29,21,876.8
2026-01-29,22,885.0
2026-01-29,23,876.0
2026-01-30,0,409.6
2026-01-30,1,411.1
2026-01-30,2,416.5
2026-01-30,3,427.5
2026-01-30,4,408.7
2026-01-30,5,425.4
2026-01-30,6,1071.6
2026-01-30,7,968.3
2026-01-30,8,2273.9
2026-01-30,9,2496.6
2026-01-30,10,2463.1
2026-01-30,11,2514.1
2026-01-30,12,1290.1
2026-01-30,13,1327.4
2026-01-30,14,2491.4
2026-01-30,15,2766.5
2026-01-30,16,2678.2
2026-01-30,17,2709.1
2026-01-30,18,1872.3
2026-01-30,19,1814.8
2026-01-30,20,1902.0
2026-01-30,21,990.2
2026-01-30,22,892.4
2026-01-30,23,975.5
2026-01-31,0,205.0
2026-01-31,1,205.6
2026-01-31,2,216.7
2026-01-31,3,217.1
2026-01-31,4,214.7
2026-01-31,5,195.3
2026-01-31,6,521.7
2026-01-31,7,518.0
2026-01-31,8,1338.7
2026-01-31,9,1219.9
2026-01-31,10,1314.0
2026-01-31,11,1322.4
2026-01-31,12,707.9
2026-01-31,13,706.0
2026-01-31,14,1448.6
2026-01-31,15,1471.6
2026-01-31,16,1316.7
2026-01-31,17,1324.7
2026-01-31,18,920.8
2026-01-31,19,885.1
2026-01-31,20,921.4
2026-01-31,21,493.9
2026-01-31,22,484.1
2026-01-31,23,461.9
2026-02-01,0,194.9
2026-02-01,1,202.6
2026-02-01,2,179.6
2026-02-01,3,195.6
2026-02-01,4,192.8
2026-02-01,5,195.7
2026-02-01,6,504.8
2026-02-01,7,451.5
2026-02-01,8,1098.7
2026-02-01,9,1057.0
2026-02-01,10,1197.6
2026-02-01,11,1107.1
2026-02-01,12,634.9
2026-02-01,13,635.4
2026-02-01,14,1331.9
2026-02-01,15,1249.0
2026-02-01,16,1254.6
2026-02-01,17,1294.2
2026-02-01,18,899.8
2026-02-01,19,899.0
2026-02-01,20,863.2
2026-02-01,21,469.6
2026-02-01,22,434.3
2026-02-01,23,466.1
2026-02-02,0,385.6
2026-02-02,1,361.5
2026-02-02,2,371.7
2026-02-02,3,346.3
2026-02-02,4,342.0
2026-02-02,5,354.9
2026-02-02,6,970.9
2026-02-02,7,880.1
2026-02-02,8,2029.5
2026-02-02,9,2145.9
2026-02-02,10,2219.3
2026-02-02,11,2037.2
2026-02-02,12,1063.0
2026-02-02,13,1191.5
2026-02-02,14,2476.1
2026-02-02,15,2245.1
2026-02-02,16,2474.1
2026-02-02,17,2481.6
2026-02-02,18,1787.0
2026-02-02,19,1770.2
2026-02-02,20,1721.2
2026-02-02,21,773.7
2026-02-02,22,827.8
2026-02-02,23,843.8
2026-02-03,0,386.4
2026-02-03,1,368.3
2026-02-03,2,367.8
2026-02-03,3,369.5
2026-02-03,4,378.0
2026-02-03,5,387.8
2026-02-03,6,934.0
2026-02-03,7,1010.7
2026-02-03,8,2176.2
2026-02-03,9,2096.3
2026-02-03,10,2322.4
2026-02-03,11,2360.0
2026-02-03,12,1105.7
2026-02-03,13,1065.0
2026-02-03,14,2422.4
2026-02-03,15,2505.3
2026-02-03,16,2580.8
2026-02-03,17,2416.9
2026-02-03,18,1715.0
2026-02-03,19,1782.9
2026-02-03,20,1580.0
2026-02-03,21,823.0
2026-02-03,22,890.5
2026-02-03,23,814.0
2026-02-04,0,369.3
2026-02-04,1,384.7
2026-02-04,2,346.7
2026-02-04,3,364.7
2026-02-04,4,372.3
2026-02-04,5,354.8
2026-02-04,6,924.5
2026-02-04,7,881.4
2026-02-04,8,2345.2
2026-02-04,9,2102.4
2026-02-04,10,2027.1
2026-02-04,11,2336.1
2026-02-04,12,1096.8
2026-02-04,13,1075.5
2026-02-04,14,2579.2
2026-02-04,15,2580.5
2026-02-04,16,2235.7
2026-02-04,17,2263.6
2026-02-04,18,1692.9
2026-02-04,19,1778.5
2026-02-04,20,1769.3
2026-02-04,21,847.0
2026-02-04,22,868.1
2026-02-04,23,783.2
2026-02-05,0,393.3
2026-02-05,1,358.7
2026-02-05,2,364.3
2026-02-05,3,363.2
2026-02-05,4,369.3
2026-02-05,5,384.1
2026-02-05,6,982.8
2026-02-05,7,933.3
2026-02-05,8,2250.9
2026-02-05,9,2119.4
2026-02-05,10,2286.0
2026-02-05,11,2068.4
2026-02-05,12,1102.2
2026-02-05,13,1202.3
2026-02-05,14,2415.6
2026-02-05,15,2289.9
2026-02-05,16,2344.8
2026-02-05,17,2484.3
2026-02-05,18,1735.7
2026-02-05,19,1594.8
2026-02-05,20,1568.5
2026-02-05,21,804.8
2026-02-05,22,830.8
2026-02-05,23,796.5
2026-02-06,0,372.6
2026-02-06,1,380.3
2026-02-06,2,346.7
2026-02-06,3,341.0
2026-02-06,4,387.4
2026-02-06,5,383.0
2026-02-06,6,936.3
2026-02-06,7,905.1
2026-02-06,8,2167.9
2026-02-06,9,2082.3
2026-02-06,10,2261.7
2026-02-06,11,2104.8
2026-02-06,12,1236.2
2026-02-06,13,1066.8
2026-02-06,14,2319.9
2026-02-06,15,2371.2
2026-02-06,16,2338.0
2026-02-06,17,2282.9
2026-02-06,18,1755.0
2026-02-06,19,1623.7
2026-02-06,20,1550.7
2026-02-06,21,865.1
2026-02-06,22,871.9
2026-02-06,23,798.7
2026-02-07,0,192.5
2026-02-07,1,175.4
2026-02-07,2,187.7
2026-02-07,3,190.2
2026-02-07,4,193.2
2026-02-07,5,182.3
2026-02-07,6,520.6
2026-02-07,7,475.0
2026-02-07,8,1164.4
2026-02-07,9,1127.6
2026-02-07,10,1161.5
2026-02-07,11,1212.1
2026-02-07,12,565.2
2026-02-07,13,626.3
2026-02-07,14,1295.8
2026-02-07,15,1242.0
2026-02-07,16,1272.5
2026-02-07,17,1321.6
2026-02-07,18,883.6
2026-02-07,19,915.4
2026-02-07,20,909.9
2026-02-07,21,451.5
2026-02-07,22,461.8
2026-02-07,23,464.3
2026-02-08,0,188.6
2026-02-08,1,189.6
2026-02-08,2,184.9
2026-02-08,3,177.0
2026-02-08,4,180.9
2026-02-08,5,186.5
2026-02-08,6,519.2
2026-02-08,7,527.5
2026-02-08,8,1062.3
2026-02-08,9,1087.3
2026-02-08,10,1099.8
2026-02-08,11,1135.2
2026-02-08,12,606.8
2026-02-08,13,621.9
2026-02-08,14,1319.0
2026-02-08,15,1340.7
2026-02-08,16,1198.7
2026-02-08,17,1244.2
2026-02-08,18,824.1
2026-02-08,19,926.5
2026-02-08,20,837.2
2026-02-08,21,448.2
2026-02-08,22,407.1
2026-02-08,23,425.1
2026-02-09,0,378.4
2026-02-09,1,386.0
2026-02-09,2,343.5
2026-02-09,3,391.5
2026-02-09,4,354.5
2026-02-09,5,376.5
2026-02-09,6,951.0
2026-02-09,7,957.4
2026-02-09,8,2104.4
2026-02-09,9,2300.0
2026-02-09,10,2082.6
2026-02-09,11,2077.4
2026-02-09,12,1076.5
2026-02-09,13,1128.1
2026-02-09,14,2402.0
2026-02-09,15,2414.8
2026-02-09,16,2495.5
2026-02-09,17,2491.6
2026-02-09,18,1652.9
2026-02-09,19,1654.7
2026-02-09,20,1677.5
2026-02-09,21,860.9
2026-02-09,22,886.9
2026-02-09,23,772.7
2026-02-10,0,383.6
2026-02-10,1,377.9
2026-02-10,2,364.4
2026-02-10,3,371.9
2026-02-10,4,366.7
2026-02-10,5,348.4
2026-02-10,6,997.2
2026-02-10,7,902.5
2026-02-10,8,2357.6
2026-02-10,9,2120.5
2026-02-10,10,2154.0
2026-02-10,11,2149.0
2026-02-10,12,1211.1
2026-02-10,13,1215.3
2026-02-10,14,2518.2
2026-02-10,15,2591.3
2026-02-10,16,2296.2
2026-02-10,17,2356.8
2026-02-10,18,1613.8
2026-02-10,19,1794.1
2026-02-10,20,1755.6
2026-02-10,21,772.7
2026-02-10,22,836.8
2026-02-10,23,814.9
2026-02-11,0,375.4
2026-02-11,1,381.6
2026-02-11,2,356.3
2026-02-11,3,370.8
2026-02-11,4,386.5
2026-02-11,5,341.6
2026-02-11,6,940.0
2026-02-11,7,981.4
2026-02-11,8,2311.9
2026-02-11,9,2121.8
2026-02-11,10,2287.2
2026-02-11,11,2298.5
2026-02-11,12,1105.7
2026-02-11,13,1224.9
2026-02-11,14,2498.6
2026-02-11,15,2477.2
2026-02-11,16,2277.1
2026-02-11,17,2331.2
2026-02-11,18,1739.9
2026-02-11,19,1728.4
2026-02-11,20,1576.1
2026-02-11,21,789.4
2026-02-11,22,813.8
2026-02-11,23,889.2
2026-02-12,0,376.3
2026-02-12,1,347.4
2026-02-12,2,346.8
2026-02-12,3,353.1
2026-02-12,4,349.4
2026-02-12,5,357.1
2026-02-12,6,979.6
2026-02-12,7,990.4
2026-02-12,8,2022.5
2026-02-12,9,2277.3
2026-02-12,10,2084.9
2026-02-12,11,2306.5
2026-02-12,12,1181.6
2026-02-12,13,1208.3
2026-02-12,14,2319.7
2026-02-12,15,2543.3
2026-02-12,16,2328.8
2026-02-12,17,2225.5
2026-02-12,18,1634.6
2026-02-12,19,1648.3
2026-02-12,20,1783.8
2026-02-12,21,811.7
2026-02-12,22,889.0
2026-02-12,23,892.9
2026-02-13,0,362.8
2026-02-13,1,376.4
2026-02-13,2,347.3
2026-02-13,3,390.0
2026-02-13,4,375.6
2026-02-13,5,362.2
2026-02-13,6,973.3
2026-02-13,7,946.1
2026-02-13,8,2074.1
2026-02-13,9,2338.0
2026-02-13,10,2130.2
2026-02-13,11,2322.2
2026-02-13,12,1215.7
2026-02-13,13,1183.3
2026-02-13,14,2556.4
2026-02-13,15,2362.2
2026-02-13,16,2590.3
2026-02-13,17,2442.3
2026-02-13,18,1607.7
2026-02-13,19,1598.9
2026-02-13,20,1558.9
2026-02-13,21,821.5
2026-02-13,22,819.7
2026-02-13,23,790.1
2026-02-14,0,204.2
2026-02-14,1,180.3
2026-02-14,2,179.9
2026-02-14,3,192.3
2026-02-14,4,184.5
2026-02-14,5,197.6
2026-02-14,6,466.5
2026-02-14,7,519.4
2026-02-14,8,1131.3
2026-02-14,9,1163.0
2026-02-14,10,1075.5
2026-02-14,11,1182.2
2026-02-14,12,628.5
2026-02-14,13,614.7
2026-02-14,14,1333.3
2026-02-14,15,1194.6
2026-02-14,16,1333.1
2026-02-14,17,1324.8
2026-02-14,18,881.7
2026-02-14,19,801.5
2026-02-14,20,910.1
2026-02-14,21,464.5
2026-02-14,22,459.8
2026-02-14,23,432.8
2026-02-15,0,202.3
2026-02-15,1,188.4
2026-02-15,2,189.9
2026-02-15,3,202.6
2026-02-15,4,190.7
2026-02-15,5,192.5
2026-02-15,6,485.8
2026-02-15,7,517.7
2026-02-15,8,1129.3
2026-02-15,9,1176.1
2026-02-15,10,1097.7
2026-02-15,11,1107.5
2026-02-15,12,611.9
2026-02-15,13,573.7
2026-02-15,14,1313.0
2026-02-15,15,1196.3
2026-02-15,16,1222.8
2026-02-15,17,1347.9
2026-02-15,18,841.6
2026-02-15,19,841.1
2026-02-15,20,936.3
2026-02-15,21,450.2
2026-02-15,22,460.6
2026-02-15,23,460.6
2026-02-16,0,394.1
2026-02-16,1,373.5
2026-02-16,2,337.8
2026-02-16,3,351.6
2026-02-16,4,361.9
2026-02-16,5,377.8
2026-02-16,6,945.7
2026-02-16,7,995.0
2026-02-16,8,2092.8
2026-02-16,9,2215.4
2026-02-16,10,2147.0
2026-02-16,11,2259.0
2026-02-16,12,1109.0
2026-02-16,13,1090.4
2026-02-16,14,2495.6
2026-02-16,15,2217.5
2026-02-16,16,2578.3
2026-02-16,17,2470.8
2026-02-16,18,1788.0
2026-02-16,19,1681.2
2026-02-16,20,1658.2
2026-02-16,21,850.9
2026-02-16,22,889.5
2026-02-16,23,790.4
2026-02-17,0,343.3
2026-02-17,1,375.4
2026-02-17,2,381.2
2026-02-17,3,372.1
2026-02-17,4,360.6
2026-02-17,5,361.5
2026-02-17,6,1006.0
2026-02-17,7,968.8
2026-02-17,8,2023.0
2026-02-17,9,2244.7
2026-02-17,10,2195.2
2026-02-17,11,2281.2
2026-02-17,12,1130.8
2026-02-17,13,1210.8
2026-02-17,14,2349.9
2026-02-17,15,2275.4
2026-02-17,16,2527.5
2026-02-17,17,2375.6
2026-02-17,18,1689.0
2026-02-17,19,1558.6
2026-02-17,20,1756.9
2026-02-17,21,819.5
2026-02-17,22,807.7
2026-02-17,23,831.1
2026-02-18,0,355.6
2026-02-18,1,392.1
2026-02-18,2,388.2
2026-02-18,3,360.7
2026-02-18,4,368.1
2026-02-18,5,376.5
2026-02-18,6,931.4
2026-02-18,7,885.8
2026-02-18,8,2068.6
2026-02-18,9,2363.0
2026-02-18,10,2278.8
2026-02-18,11,2224.2
2026-02-18,12,1213.8
2026-02-18,13,1111.5
2026-02-18,14,2269.8
2026-02-18,15,2412.9
2026-02-18,16,2494.0
2026-02-18,17,2248.6
2026-02-18,18,1749.3
2026-02-18,19,1751.8
2026-02-18,20,1787.1
2026-02-18,21,877.0
2026-02-18,22,870.7
2026-02-18,23,777.8
2026-02-19,0,350.2
2026-02-19,1,350.4
2026-02-19,2,358.0
2026-02-19,3,349.1
2026-02-19,4,342.2
2026-02-19,5,343.4
2026-02-19,6,917.7
2026-02-19,7,898.3
2026-02-19,8,2237.5
2026-02-19,9,2306.8
2026-02-19,10,2082.5
2026-02-19,11,2101.7
2026-02-19,12,1210.4
2026-02-19,13,1238.2
2026-02-19,14,2433.2
2026-02-19,15,2287.1
2026-02-19,16,2311.9
2026-02-19,17,2224.4
2026-02-19,18,1553.5
2026-02-19,19,1719.7
2026-02-19,20,1566.5
2026-02-19,21,823.3
2026-02-19,22,795.9
2026-02-19,23,784.0
2026-02-20,0,395.1
2026-02-20,1,393.4
2026-02-20,2,342.8
2026-02-20,3,372.4
2026-02-20,4,362.3
2026-02-20,5,371.1
2026-02-20,6,971.5
2026-02-20,7,1009.7
2026-02-20,8,2297.7
2026-02-20,9,2244.3
2026-02-20,10,2146.8
2026-02-20,11,2179.5
2026-02-20,12,1148.3
2026-02-20,13,1171.1
2026-02-20,14,2327.0
2026-02-20,15,2456.4
2026-02-20,16,2257.1
2026-02-20,17,2305.0
2026-02-20,18,1581.8
2026-02-20,19,1621.9
2026-02-20,20,1703.5
2026-02-20,21,799.6
2026-02-20,22,779.1
2026-02-20,23,818.2
2026-02-21,0,179.0
2026-02-21,1,196.7
2026-02-21,2,205.1
2026-02-21,3,192.6
2026-02-21,4,176.2
2026-02-21,5,196.2
2026-02-21,6,513.8
2026-02-21,7,526.4
2026-02-21,8,1191.5
2026-02-21,9,1181.0
2026-02-21,10,1109.1
2026-02-21,11,1157.1
2026-02-21,12,598.3
2026-02-21,13,572.6
2026-02-21,14,1282.4
2026-02-21,15,1327.7
2026-02-21,16,1207.9
2026-02-21,17,1208.6
2026-02-21,18,835.2
2026-02-21,19,884.7
2026-02-21,20,880.7
2026-02-21,21,457.7
2026-02-21,22,440.2
2026-02-21,23,428.8
2026-02-22,0,184.0
2026-02-22,1,192.5
2026-02-22,2,200.0
2026-02-22,3,202.6
2026-02-22,4,198.8
2026-02-22,5,183.9
2026-02-22,6,466.4
2026-02-22,7,467.3
2026-02-22,8,1188.1
2026-02-22,9,1166.4
2026-02-22,10,1227.3
2026-02-22,11,1080.5
2026-02-22,12,565.3
2026-02-22,13,587.8
2026-02-22,14,1290.0
2026-02-22,15,1251.3
2026-02-22,16,1304.4
2026-02-22,17,1164.5
2026-02-22,18,828.8
2026-02-22,19,910.9
2026-02-22,20,934.6
2026-02-22,21,452.8
2026-02-22,22,438.9
2026-02-22,23,462.8
2026-02-23,0,392.9
2026-02-23,1,377.5
2026-02-23,2,377.0
2026-02-23,3,356.3
2026-02-23,4,341.1
2026-02-23,5,376.4
2026-02-23,6,980.8
2026-02-23,7,891.5
2026-02-23,8,2205.9
2026-02-23,9,2095.6
2026-02-23,10,2027.4
2026-02-23,11,2132.3
2026-02-23,12,1097.1
2026-02-23,13,1103.4
2026-02-23,14,2547.0
2026-02-23,15,2553.0
2026-02-23,16,2534.0
2026-02-23,17,2266.7
2026-02-23,18,1546.2
2026-02-23,19,1695.1
2026-02-23,20,1602.4
2026-02-23,21,834.9
2026-02-23,22,864.8
2026-02-23,23,860.4
2026-02-24,0,367.7
2026-02-24,1,391.3
2026-02-24,2,385.3
2026-02-24,3,374.7
2026-02-24,4,374.3
2026-02-24,5,359.3
2026-02-24,6,1000.9
2026-02-24,7,955.6
2026-02-24,8,2040.2
2026-02-24,9,2035.3
2026-02-24,10,2357.7
2026-02-24,11,2300.0
2026-02-24,12,1130.8
2026-02-24,13,1204.2
2026-02-24,14,2459.9
2026-02-24,15,2578.6
2026-02-24,16,2586.6
2026-02-24,17,2275.2
2026-02-24,18,1617.0
2026-02-24,19,1793.8
2026-02-24,20,1585.1
2026-02-24,21,866.8
2026-02-24,22,856.5
2026-02-24,23,878.4
2026-02-25,0,389.2
2026-02-25,1,381.1
2026-02-25,2,362.8
2026-02-25,3,339.6
2026-02-25,4,391.3
2026-02-25,5,352.6
2026-02-25,6,878.4
2026-02-25,7,932.3
2026-02-25,8,2111.0
2026-02-25,9,2260.3
2026-02-25,10,2163.5
2026-02-25,11,2162.4
2026-02-25,12,1124.2
2026-02-25,13,1178.4
2026-02-25,14,2285.4
2026-02-25,15,2376.1
2026-02-25,16,2531.7
2026-02-25,17,2476.0
2026-02-25,18,1571.9
2026-02-25,19,1582.6
2026-02-25,20,1741.9
2026-02-25,21,843.5
2026-02-25,22,807.1
2026-02-25,23,849.3
2026-02-26,0,361.5
2026-02-26,1,377.3
2026-02-26,2,369.6
2026-02-26,3,386.9
2026-02-26,4,353.0
2026-02-26,5,338.6
2026-02-26,6,956.8
2026-02-26,7,964.9
2026-02-26,8,2309.3
2026-02-26,9,2078.1
2026-02-26,10,2124.6
2026-02-26,11,2039.8
2026-02-26,12,1228.6
2026-02-26,13,1223.8
2026-02-26,14,2595.2
2026-02-26,15,2457.8
2026-02-26,16,2450.4
2026-02-26,17,2350.8
2026-02-26,18,1601.3
2026-02-26,19,1599.1
2026-02-26,20,1644.8
2026-02-26,21,844.6
2026-02-26,22,869.5
2026-02-26,23,894.5
2026-02-27,0,373.0
2026-02-27,1,353.6
2026-02-27,2,341.9
2026-02-27,3,388.0
2026-02-27,4,385.2
2026-02-27,5,359.7
2026-02-27,6,918.8
2026-02-27,7,983.8
2026-02-27,8,2223.2
2026-02-27,9,2225.5
2026-02-27,10,2042.9
2026-02-27,11,2047.3
2026-02-27,12,1130.7
2026-02-27,13,1174.3
2026-02-27,14,2296.8
2026-02-27,15,2219.1
2026-02-27,16,2436.6
2026-02-27,17,2396.6
2026-02-27,18,1625.2
2026-02-27,19,1582.3
2026-02-27,20,1790.4
2026-02-27,21,857.0
2026-02-27,22,802.1
2026-02-27,23,859.2
2026-02-28,0,200.8
2026-02-28,1,183.5
2026-02-28,2,176.7
2026-02-28,3,188.0
2026-02-28,4,191.7
2026-02-28,5,179.4
2026-02-28,6,490.6
2026-02-28,7,478.8
2026-02-28,8,1183.0
2026-02-28,9,1221.0
2026-02-28,10,1067.6
2026-02-28,11,1194.7
2026-02-28,12,561.2
2026-02-28,13,615.6
2026-02-28,14,1348.8
2026-02-28,15,1242.6
2026-02-28,16,1237.1
2026-02-28,17,1198.4
2026-02-28,18,839.4
2026-02-28,19,878.1
2026-02-28,20,839.2
2026-02-28,21,421.8
2026-02-28,22,438.1
2026-02-28,23,459.6
2026-03-01,0,176.1
2026-03-01,1,168.2
2026-03-01,2,183.7
2026-03-01,3,165.1
2026-03-01,4,173.8
2026-03-01,5,185.4
2026-03-01,6,431.4
2026-03-01,7,450.2
2026-03-01,8,1140.0
2026-03-01,9,1003.4
2026-03-01,10,978.2
2026-03-01,11,1142.7
2026-03-01,12,545.4
2026-03-01,13,541.4
2026-03-01,14,1194.6
2026-03-01,15,1119.5
2026-03-01,16,1211.9
2026-03-01,17,1120.9
2026-03-01,18,861.5
2026-03-01,19,854.0
2026-03-01,20,758.6
2026-03-01,21,404.9
2026-03-01,22,410.2
2026-03-01,23,419.7
2026-03-02,0,339.0
2026-03-02,1,341.5
2026-03-02,2,349.4
2026-03-02,3,350.6
2026-03-02,4,344.3
2026-03-02,5,360.3
2026-03-02,6,843.4
2026-03-02,7,851.5
2026-03-02,8,1928.6
2026-03-02,9,2070.2
2026-03-02,10,2121.3
2026-03-02,11,2081.7
2026-03-02,12,1078.9
2026-03-02,13,1116.2
2026-03-02,14,2172.7
2026-03-02,15,2304.9
2026-03-02,16,2206.3
2026-03-02,17,2054.9
2026-03-02,18,1536.5
2026-03-02,19,1632.5
2026-03-02,20,1463.4
2026-03-02,21,819.8
2026-03-02,22,758.0
2026-03-02,23,817.2
2026-03-03,0,351.9
2026-03-03,1,327.4
2026-03-03,2,339.1
2026-03-03,3,337.0
2026-03-03,4,334.3
2026-03-03,5,337.7
2026-03-03,6,820.6
2026-03-03,7,806.0
2026-03-03,8,2132.0
2026-03-03,9,2163.5
2026-03-03,10,2050.9
2026-03-03,11,2144.2
2026-03-03,12,1111.7
2026-03-03,13,1136.7
2026-03-03,14,2278.6
2026-03-03,15,2266.7
2026-03-03,16,2170.3
2026-03-03,17,2401.0
2026-03-03,18,1553.9
2026-03-03,19,1603.6
2026-03-03,20,1565.6
2026-03-03,21,781.9
2026-03-03,22,805.5
2026-03-03,23,801.3
2026-03-04,0,351.7
2026-03-04,1,364.0
2026-03-04,2,357.0
2026-03-04,3,354.3
2026-03-04,4,341.9
2026-03-04,5,325.8
2026-03-04,6,804.4
2026-03-04,7,846.7
2026-03-04,8,2183.8
2026-03-04,9,1925.5
2026-03-04,10,1970.4
2026-03-04,11,1930.4
2026-03-04,12,1044.6
2026-03-04,13,1033.1
2026-03-04,14,2225.0
2026-03-04,15,2055.6
2026-03-04,16,2392.1
2026-03-04,17,2077.6
2026-03-04,18,1611.2
2026-03-04,19,1561.1
2026-03-04,20,1662.2
2026-03-04,21,806.9
2026-03-04,22,747.4
2026-03-04,23,838.1
2026-03-05,0,332.3
2026-03-05,1,334.6
2026-03-05,2,329.2
2026-03-05,3,339.1
2026-03-05,4,364.8
2026-03-05,5,329.2
2026-03-05,6,916.1
2026-03-05,7,804.7
2026-03-05,8,2123.3
2026-03-05,9,2045.3
2026-03-05,10,2044.5
2026-03-05,11,2150.4
2026-03-05,12,1100.2
2026-03-05,13,1124.7
2026-03-05,14,2079.8
2026-03-05,15,2341.3
2026-03-05,16,2250.7
2026-03-05,17,2166.2
2026-03-05,18,1535.9
2026-03-05,19,1505.4
2026-03-05,20,1493.7
2026-03-05,21,730.7
2026-03-05,22,835.2
2026-03-05,23,747.7
2026-03-06,0,355.0
2026-03-06,1,361.6
2026-03-06,2,333.9
2026-03-06,3,363.5
2026-03-06,4,321.1
2026-03-06,5,362.8
2026-03-06,6,937.1
2026-03-06,7,935.3
2026-03-06,8,2065.9
2026-03-06,9,2152.5
2026-03-06,10,1972.1
2026-03-06,11,2185.7
2026-03-06,12,1124.0
2026-03-06,13,1041.2
2026-03-06,14,2061.2
2026-03-06,15,2179.3
2026-03-06,16,2398.4
2026-03-06,17,2245.0
2026-03-06,18,1622.7
2026-03-06,19,1644.9
2026-03-06,20,1506.3
2026-03-06,21,744.4
2026-03-06,22,793.2
2026-03-06,23,726.2
2026-03-07,0,190.1
2026-03-07,1,176.4
2026-03-07,2,164.7
2026-03-07,3,165.9
2026-03-07,4,171.5
2026-03-07,5,168.8
2026-03-07,6,486.4
2026-03-07,7,473.1
2026-03-07,8,1093.9
2026-03-07,9,1143.2
2026-03-07,10,1111.3
2026-03-07,11,1027.1
2026-03-07,12,551.6
2026-03-07,13,526.3
2026-03-07,14,1183.1
2026-03-07,15,1126.8
2026-03-07,16,1251.2
2026-03-07,17,1092.6
2026-03-07,18,767.5
2026-03-07,19,793.0
2026-03-07,20,749.7
2026-03-07,21,418.0
2026-03-07,22,403.5
2026-03-07,23,393.1
2026-03-08,0,190.8
2026-03-08,1,176.5
2026-03-08,2,189.8
2026-03-08,3,174.9
2026-03-08,4,189.2
2026-03-08,5,172.0
2026-03-08,6,469.8
2026-03-08,7,429.8
2026-03-08,8,1064.2
2026-03-08,9,1085.6
2026-03-08,10,1011.2
2026-03-08,11,1000.1
2026-03-08,12,577.1
2026-03-08,13,576.2
2026-03-08,14,1130.1
2026-03-08,15,1218.9
2026-03-08,16,1248.1
2026-03-08,17,1186.0
2026-03-08,18,827.3
2026-03-08,19,766.6
2026-03-08,20,866.6
2026-03-08,21,404.8
2026-03-08,22,431.1
2026-03-08,23,404.6
2026-03-09,0,322.0
2026-03-09,1,319.5
2026-03-09,2,349.8
2026-03-09,3,320.9
2026-03-09,4,358.4
2026-03-09,5,313.3
2026-03-09,6,879.8
2026-03-09,7,863.8
2026-03-09,8,1879.5
2026-03-09,9,2124.9
2026-03-09,10,2150.0
2026-03-09,11,2011.0
2026-03-09,12,1019.6
2026-03-09,13,1075.4
2026-03-09,14,2265.7
2026-03-09,15,2100.0
2026-03-09,16,2109.0
2026-03-09,17,2389.6
2026-03-09,18,1604.5
2026-03-09,19,1546.0
2026-03-09,20,1516.8
2026-03-09,21,791.5
2026-03-09,22,817.9
2026-03-09,23,801.8
2026-03-10,0,321.5
2026-03-10,1,328.1
2026-03-10,2,360.5
2026-03-10,3,339.4
2026-03-10,4,349.4
2026-03-10,5,339.1
2026-03-10,6,873.8
2026-03-10,7,923.0
2026-03-10,8,2080.4
2026-03-10,9,2151.0
2026-03-10,10,2017.8
2026-03-10,11,2184.6
2026-03-10,12,984.3
2026-03-10,13,1039.2
2026-03-10,14,2224.4
2026-03-10,15,2342.8
2026-03-10,16,2181.8
2026-03-10,17,2120.9
2026-03-10,18,1553.5
2026-03-10,19,1548.1
2026-03-10,20,1436.3
2026-03-10,21,765.8
2026-03-10,22,811.1
2026-03-10,23,837.0
2026-03-11,0,318.7
2026-03-11,1,340.5
2026-03-11,2,363.3
2026-03-11,3,338.6
2026-03-11,4,337.6
2026-03-11,5,317.5
2026-03-11,6,939.5
2026-03-11,7,865.2
2026-03-11,8,1922.6
2026-03-11,9,2026.6
2026-03-11,10,2188.5
2026-03-11,11,2077.0
2026-03-11,12,1003.4
2026-03-11,13,1132.0
2026-03-11,14,2202.5
2026-03-11,15,2170.0
2026-03-11,16,2101.4
2026-03-11,17,2069.8
2026-03-11,18,1666.4
2026-03-11,19,1505.0
2026-03-11,20,1517.0
2026-03-11,21,782.8
2026-03-11,22,783.3
2026-03-11,23,826.7
2026-03-12,0,358.1
2026-03-12,1,315.3
2026-03-12,2,313.2
2026-03-12,3,336.6
2026-03-12,4,339.1
2026-03-12,5,345.8
2026-03-12,6,833.3
2026-03-12,7,917.0
2026-03-12,8,1943.4
2026-03-12,9,1955.7
2026-03-12,10,2041.0
2026-03-12,11,2182.7
2026-03-12,12,1017.5
2026-03-12,13,993.0
2026-03-12,14,2113.7
2026-03-12,15,2224.2
2026-03-12,16,2246.8
2026-03-12,17,2331.7
2026-03-12,18,1484.6
2026-03-12,19,1457.4
2026-03-12,20,1540.3
2026-03-12,21,797.7
2026-03-12,22,749.7
2026-03-12,23,813.8
2026-03-13,0,340.7
2026-03-13,1,357.3
2026-03-13,2,357.7
2026-03-13,3,313.0
2026-03-13,4,318.0
2026-03-13,5,332.6
2026-03-13,6,829.5
2026-03-13,7,846.5
2026-03-13,8,2121.1
2026-03-13,9,2096.4
2026-03-13,10,2084.6
2026-03-13,11,1993.6
2026-03-13,12,989.1
2026-03-13,13,1134.4
2026-03-13,14,2239.8
2026-03-13,15,2168.8
2026-03-13,16,2170.8
2026-03-13,17,2228.0
2026-03-13,18,1431.6
2026-03-13,19,1448.7
2026-03-13,20,1596.9
2026-03-13,21,816.8
2026-03-13,22,813.8
2026-03-13,23,818.6
2026-03-14,0,182.3
2026-03-14,1,182.6
2026-03-14,2,182.0
2026-03-14,3,184.4
2026-03-14,4,175.3
2026-03-14,5,173.7
2026-03-14,6,437.6
2026-03-14,7,436.9
2026-03-14,8,1001.8
2026-03-14,9,1087.7
2026-03-14,10,1141.9
2026-03-14,11,1071.4
2026-03-14,12,537.6
2026-03-14,13,554.3
2026-03-14,14,1133.1
2026-03-14,15,1204.8
2026-03-14,16,1139.4
2026-03-14,17,1131.2
2026-03-14,18,787.3
2026-03-14,19,808.5
2026-03-14,20,772.2
2026-03-14,21,424.3
2026-03-14,22,420.8
2026-03-14,23,383.5
2026-03-15,0,163.5
2026-03-15,1,174.6
2026-03-15,2,190.5
2026-03-15,3,169.8
2026-03-15,4,184.4
2026-03-15,5,166.4
2026-03-15,6,482.6
2026-03-15,7,464.3
2026-03-15,8,1134.1
2026-03-15,9,1017.2
2026-03-15,10,1074.9
2026-03-15,11,1071.7
2026-03-15,12,548.8
2026-03-15,13,546.3
2026-03-15,14,1172.0
2026-03-15,15,1248.6
2026-03-15,16,1140.8
2026-03-15,17,1158.9
2026-03-15,18,834.3
2026-03-15,19,801.2
2026-03-15,20,777.9
2026-03-15,21,426.3
2026-03-15,22,391.6
2026-03-15,23,401.9
2026-03-16,0,329.9
2026-03-16,1,363.5
2026-03-16,2,315.1
2026-03-16,3,343.0
2026-03-16,4,339.0
2026-03-16,5,337.6
2026-03-16,6,818.5
2026-03-16,7,825.0
2026-03-16,8,1895.2
2026-03-16,9,2132.9
2026-03-16,10,1896.3
2026-03-16,11,2176.3
2026-03-16,12,1094.1
2026-03-16,13,1128.6
2026-03-16,14,2341.7
2026-03-16,15,2389.1
2026-03-16,16,2278.7
2026-03-16,17,2235.4
2026-03-16,18,1543.6
2026-03-16,19,1482.8
2026-03-16,20,1572.2
2026-03-16,21,789.9
2026-03-16,22,722.7
2026-03-16,23,764.0
2026-03-17,0,312.9
2026-03-17,1,356.9
2026-03-17,2,354.4
2026-03-17,3,312.8
2026-03-17,4,345.3
2026-03-17,5,345.9
2026-03-17,6,915.0
2026-03-17,7,860.8
2026-03-17,8,2159.0
2026-03-17,9,1921.0
2026-03-17,10,2134.9
2026-03-17,11,2106.7
2026-03-17,12,1102.9
2026-03-17,13,1080.9
2026-03-17,14,2150.4
2026-03-17,15,2068.9
2026-03-17,16,2390.9
2026-03-17,17,2227.6
2026-03-17,18,1623.4
2026-03-17,19,1469.9
2026-03-17,20,1603.3
2026-03-17,21,772.8
2026-03-17,22,742.7
2026-03-17,23,738.4
2026-03-18,0,337.4
2026-03-18,1,351.4
2026-03-18,2,344.0
2026-03-18,3,336.2
2026-03-18,4,335.2
2026-03-18,5,317.5
2026-03-18,6,893.1
2026-03-18,7,874.5
2026-03-18,8,1974.0
2026-03-18,9,2166.9
2026-03-18,10,1973.7
2026-03-18,11,1883.1
2026-03-18,12,1110.9
2026-03-18,13,1077.9
2026-03-18,14,2253.6
2026-03-18,15,2341.6
2026-03-18,16,2347.7
2026-03-18,17,2397.9
2026-03-18,18,1581.8
2026-03-18,19,1468.2
2026-03-18,20,1560.1
2026-03-18,21,735.6
2026-03-18,22,745.9
2026-03-18,23,743.4
2026-03-19,0,348.2
2026-03-19,1,314.4
2026-03-19,2,351.6
2026-03-19,3,356.6
2026-03-19,4,318.3
2026-03-19,5,350.0
2026-03-19,6,820.8
2026-03-19,7,930.5
2026-03-19,8,2158.4
2026-03-19,9,2134.5
2026-03-19,10,1940.5
2026-03-19,11,1933.9
2026-03-19,12,1001.2
2026-03-19,13,1090.8
2026-03-19,14,2370.9
2026-03-19,15,2273.9
2026-03-19,16,2376.0
2026-03-19,17,2317.9
2026-03-19,18,1454.0
2026-03-19,19,1573.0
2026-03-19,20,1608.9
2026-03-19,21,750.2
2026-03-19,22,782.3
2026-03-19,23,768.2
2026-03-20,0,331.6
2026-03-20,1,346.1
2026-03-20,2,344.1
2026-03-20,3,331.2
2026-03-20,4,333.0
2026-03-20,5,354.1
2026-03-20,6,898.2
2026-03-20,7,919.3
2026-03-20,8,1908.2
2026-03-20,9,2183.0
2026-03-20,10,2155.2
2026-03-20,11,1896.6
2026-03-20,12,1032.1
2026-03-20,13,1095.8
2026-03-20,14,2317.4
2026-03-20,15,2125.3
2026-03-20,16,2156.1
2026-03-20,17,2137.1
2026-03-20,18,1520.6
2026-03-20,19,1571.0
2026-03-20,20,1650.5
2026-03-20,21,765.2
2026-03-20,22,833.3
2026-03-20,23,756.8
2026-03-21,0,173.9
2026-03-21,1,178.4
2026-03-21,2,166.0
2026-03-21,3,185.8
2026-03-21,4,169.2
2026-03-21,5,180.7
2026-03-21,6,474.9
2026-03-21,7,483.6
2026-03-21,8,980.5
2026-03-21,9,1036.5
2026-03-21,10,1104.2
2026-03-21,11,1071.2
2026-03-21,12,530.9
2026-03-21,13,536.0
2026-03-21,14,1200.4
2026-03-21,15,1092.2
2026-03-21,16,1072.1
2026-03-21,17,1068.6
2026-03-21,18,839.1
2026-03-21,19,836.2
2026-03-21,20,764.9
2026-03-21,21,404.8
2026-03-21,22,410.8
2026-03-21,23,400.4
2026-03-22,0,162.8
2026-03-22,1,176.9
2026-03-22,2,178.7
2026-03-22,3,170.6
2026-03-22,4,172.2
2026-03-22,5,174.8
2026-03-22,6,438.9
2026-03-22,7,481.2
2026-03-22,8,1009.7
2026-03-22,9,1078.1
2026-03-22,10,1091.1
2026-03-22,11,997.6
2026-03-22,12,514.0
2026-03-22,13,512.1
2026-03-22,14,1147.0
2026-03-22,15,1184.4
2026-03-22,16,1073.8
2026-03-22,17,1242.9
2026-03-22,18,871.8
2026-03-22,19,762.1
2026-03-22,20,860.7
2026-03-22,21,420.1
2026-03-22,22,385.9
2026-03-22,23,394.2
2026-03-23,0,318.9
2026-03-23,1,344.3
2026-03-23,2,344.4
2026-03-23,3,336.2
2026-03-23,4,320.7
2026-03-23,5,312.6
2026-03-23,6,926.7
2026-03-23,7,883.0
2026-03-23,8,2151.5
2026-03-23,9,2013.8
2026-03-23,10,2041.6
2026-03-23,11,2094.8
2026-03-23,12,1144.9
2026-03-23,13,1109.0
2026-03-23,14,2250.6
2026-03-23,15,2163.6
2026-03-23,16,2196.9
2026-03-23,17,2117.9
2026-03-23,18,1533.0
2026-03-23,19,1499.5
2026-03-23,20,1479.5
2026-03-23,21,780.8
2026-03-23,22,786.9
2026-03-23,23,800.1
2026-03-24,0,316.8
2026-03-24,1,362.1
2026-03-24,2,326.7
2026-03-24,3,350.1
2026-03-24,4,331.8
2026-03-24,5,326.8
2026-03-24,6,807.7
2026-03-24,7,898.1
2026-03-24,8,1876.5
2026-03-24,9,1918.1
2026-03-24,10,1940.2
2026-03-24,11,1941.3
2026-03-24,12,1066.9
2026-03-24,13,1102.6
2026-03-24,14,2279.0
2026-03-24,15,2267.4
2026-03-24,16,2122.5
2026-03-24,17,2267.1
2026-03-24,18,1599.9
2026-03-24,19,1620.8
2026-03-24,20,1650.3
2026-03-24,21,778.2
2026-03-24,22,803.8
2026-03-24,23,812.3
2026-03-25,0,337.8
2026-03-25,1,348.6
2026-03-25,2,341.5
2026-03-25,3,314.7
2026-03-25,4,361.0
2026-03-25,5,340.6
2026-03-25,6,851.7
2026-03-25,7,882.5
2026-03-25,8,1919.4
2026-03-25,9,2142.2
2026-03-25,10,2020.0
2026-03-25,11,1999.5
2026-03-25,12,1121.5
2026-03-25,13,1141.1
2026-03-25,14,2204.0
2026-03-25,15,2215.3
2026-03-25,16,2204.3
2026-03-25,17,2309.4
2026-03-25,18,1443.6
2026-03-25,19,1633.1
2026-03-25,20,1486.0
2026-03-25,21,765.0
2026-03-25,22,756.9
2026-03-25,23,764.7
2026-03-26,0,323.7
2026-03-26,1,348.6
2026-03-26,2,325.4
2026-03-26,3,329.3
2026-03-26,4,322.7
2026-03-26,5,319.8
2026-03-26,6,883.1
2026-03-26,7,921.1
2026-03-26,8,1968.1
2026-03-26,9,2153.3
2026-03-26,10,1907.9
2026-03-26,11,2135.5
2026-03-26,12,1120.1
2026-03-26,13,1063.9
2026-03-26,14,2224.4
2026-03-26,15,2267.3
2026-03-26,16,2157.1
2026-03-26,17,2335.8
2026-03-26,18,1629.4
2026-03-26,19,1541.4
2026-03-26,20,1546.8
2026-03-26,21,829.1
2026-03-26,22,816.5
2026-03-26,23,790.7
2026-03-27,0,333.3
2026-03-27,1,356.4
2026-03-27,2,314.3
2026-03-27,3,354.3
2026-03-27,4,326.2
2026-03-27,5,342.4
2026-03-27,6,926.3
2026-03-27,7,881.4
2026-03-27,8,2122.3
2026-03-27,9,2190.9
2026-03-27,10,1926.3
2026-03-27,11,2028.1
2026-03-27,12,996.6
2026-03-27,13,1010.4
2026-03-27,14,2230.1
2026-03-27,15,2154.5
2026-03-27,16,2103.0
2026-03-27,17,2079.2
2026-03-27,18,1638.5
2026-03-27,19,1479.3
2026-03-27,20,1532.0
2026-03-27,21,811.1
2026-03-27,22,814.2
2026-03-27,23,764.6
2026-03-28,0,190.6
2026-03-28,1,178.7
2026-03-28,2,189.3
2026-03-28,3,166.7
2026-03-28,4,181.9
2026-03-28,5,182.2
2026-03-28,6,448.5
2026-03-28,7,421.6
2026-03-28,8,1142.1
2026-03-28,9,1080.9
2026-03-28,10,980.3
2026-03-28,11,1042.9
2026-03-28,12,521.7
2026-03-28,13,546.1
2026-03-28,14,1090.7
2026-03-28,15,1163.1
2026-03-28,16,1087.2
2026-03-28,17,1233.8
2026-03-28,18,803.1
2026-03-28,19,858.4
2026-03-28,20,803.0
2026-03-28,21,422.8
2026-03-28,22,413.8
2026-03-28,23,399.1
2026-03-29,0,185.3
2026-03-29,1,188.4
2026-03-29,2,165.6
2026-03-29,3,188.9
2026-03-29,4,184.8
2026-03-29,5,177.3
2026-03-29,6,463.9
2026-03-29,7,481.6
2026-03-29,8,1120.5
2026-03-29,9,1044.0
2026-03-29,10,1081.7
2026-03-29,11,1119.3
2026-03-29,12,521.0
2026-03-29,13,590.1
2026-03-29,14,1120.4
2026-03-29,15,1092.7
2026-03-29,16,1130.6
2026-03-29,17,1219.4
2026-03-29,18,838.9
2026-03-29,19,771.4
2026-03-29,20,764.4
2026-03-29,21,431.4
2026-03-29,22,402.8
2026-03-29,23,379.9
2026-03-30,0,335.8
2026-03-30,1,353.9
2026-03-30,2,328.1
2026-03-30,3,346.4
2026-03-30,4,333.0
2026-03-30,5,313.2
2026-03-30,6,925.4
2026-03-30,7,896.5
2026-03-30,8,2011.6
2026-03-30,9,2184.6
2026-03-30,10,1933.3
2026-03-30,11,2007.3
2026-03-30,12,1007.7
2026-03-30,13,1041.2
2026-03-30,14,2179.0
2026-03-30,15,2342.0
2026-03-30,16,2116.3
2026-03-30,17,2218.9
2026-03-30,18,1579.0
2026-03-30,19,1597.3
2026-03-30,20,1463.9
2026-03-30,21,796.4
2026-03-30,22,818.4
2026-03-30,23,762.5
2026-03-31,0,354.6
2026-03-31,1,320.8
2026-03-31,2,341.3
2026-03-31,3,355.5
2026-03-31,4,332.6
2026-03-31,5,329.0
2026-03-31,6,828.5
2026-03-31,7,827.6
2026-03-31,8,2151.3
2026-03-31,9,2094.6
2026-03-31,10,2114.2
2026-03-31,11,1937.6
2026-03-31,12,997.9
2026-03-31,13,1061.7
2026-03-31,14,2197.3
2026-03-31,15,2147.6
2026-03-31,16,2135.6
2026-03-31,17,2130.3
2026-03-31,18,1659.6
2026-03-31,19,1440.2
2026-03-31,20,1603.3
2026-03-31,21,805.1
2026-03-31,22,741.8
2026-03-31,23,736.6
2026-04-01,0,335.5
2026-04-01,1,332.4
2026-04-01,2,349.7
2026-04-01,3,308.8
2026-04-01,4,322.7
2026-04-01,5,332.1
2026-04-01,6,796.6
2026-04-01,7,873.5
2026-04-01,8,2067.6
2026-04-01,9,1935.4
2026-04-01,10,1958.5
2026-04-01,11,2057.6
2026-04-01,12,1107.5
2026-04-01,13,1002.8
2026-04-01,14,2101.0
2026-04-01,15,2303.5
2026-04-01,16,2156.6
2026-04-01,17,2279.3
2026-04-01,18,1472.7
2026-04-01,19,1488.1
2026-04-01,20,1443.1
2026-04-01,21,774.0
2026-04-01,22,801.0
2026-04-01,23,762.8
2026-04-02,0,329.2
2026-04-02,1,349.9
2026-04-02,2,354.2
2026-04-02,3,355.0
2026-04-02,4,341.6
2026-04-02,5,345.3
2026-04-02,6,912.5
2026-04-02,7,807.1
2026-04-02,8,1902.6
2026-04-02,9,1961.7
2026-04-02,10,1985.4
2026-04-02,11,2049.0
2026-04-02,12,1071.9
2026-04-02,13,1100.9
2026-04-02,14,2068.4
2026-04-02,15,2269.0
2026-04-02,16,2318.1
2026-04-02,17,2154.0
2026-04-02,18,1390.9
2026-04-02,19,1395.0
2026-04-02,20,1532.3
2026-04-02,21,791.7
2026-04-02,22,743.8
2026-04-02,23,801.1
2026-04-03,0,325.2
2026-04-03,1,306.4
2026-04-03,2,335.6
2026-04-03,3,320.9
2026-04-03,4,323.0
2026-04-03,5,316.6
2026-04-03,6,889.0
2026-04-03,7,797.2
2026-04-03,8,1948.8
2026-04-03,9,1844.8
2026-04-03,10,1832.1
2026-04-03,11,2093.6
2026-04-03,12,1054.0
2026-04-03,13,1085.4
2026-04-03,14,2223.8
2026-04-03,15,2218.6
2026-04-03,16,2172.7
2026-04-03,17,2046.8
2026-04-03,18,1484.1
2026-04-03,19,1501.7
2026-04-03,20,1610.6
2026-04-03,21,777.0
2026-04-03,22,695.4
2026-04-03,23,746.0
2026-04-04,0,165.7
2026-04-04,1,159.8
2026-04-04,2,159.7
2026-04-04,3,163.9
2026-04-04,4,173.4
2026-04-04,5,184.6
2026-04-04,6,455.0
2026-04-04,7,408.9
2026-04-04,8,951.9
2026-04-04,9,956.2
2026-04-04,10,1038.4
2026-04-04,11,1035.2
2026-04-04,12,514.3
2026-04-04,13,559.5
2026-04-04,14,1159.6
2026-04-04,15,1078.9
2026-04-04,16,1119.3
2026-04-04,17,1102.1
2026-04-04,18,764.3
2026-04-04,19,776.5
2026-04-04,20,798.2
2026-04-04,21,374.3
2026-04-04,22,386.5
2026-04-04,23,362.1
2026-04-05,0,178.0
2026-04-05,1,179.2
2026-04-05,2,173.3
2026-04-05,3,185.2
2026-04-05,4,181.3
2026-04-05,5,183.6
2026-04-05,6,446.6
2026-04-05,7,439.1
2026-04-05,8,1023.5
2026-04-05,9,1003.0
2026-04-05,10,1086.2
2026-04-05,11,1081.4
2026-04-05,12,496.4
2026-04-05,13,541.9
2026-04-05,14,1116.7
2026-04-05,15,1132.9
2026-04-05,16,1085.6
2026-04-05,17,1047.3
2026-04-05,18,754.6
2026-04-05,19,768.5
2026-04-05,20,761.6
2026-04-05,21,412.2
2026-04-05,22,422.5
2026-04-05,23,398.0
2026-04-06,0,342.6
2026-04-06,1,304.4
2026-04-06,2,345.1
2026-04-06,3,313.8
2026-04-06,4,318.7
2026-04-06,5,312.2
2026-04-06,6,839.8
2026-04-06,7,860.8
2026-04-06,8,1835.1
2026-04-06,9,2090.7
2026-04-06,10,1982.9
2026-04-06,11,2104.5
2026-04-06,12,965.8
2026-04-06,13,1102.6
2026-04-06,14,2026.4
2026-04-06,15,2197.0
2026-04-06,16,2210.5
2026-04-06,17,1999.2
2026-04-06,18,1513.3
2026-04-06,19,1526.8
2026-04-06,20,1472.6
2026-04-06,21,697.8
2026-04-06,22,805.0
2026-04-06,23,762.6
2026-04-07,0,331.8
2026-04-07,1,325.5
2026-04-07,2,333.9
2026-04-07,3,336.4
2026-04-07,4,322.5
2026-04-07,5,309.5
2026-04-07,6,826.3
2026-04-07,7,809.6
2026-04-07,8,1833.2
2026-04-07,9,2084.3
2026-04-07,10,2096.5
2026-04-07,11,2002.0
2026-04-07,12,1071.2
2026-04-07,13,1088.1
2026-04-07,14,2129.0
2026-04-07,15,2074.0
2026-04-07,16,2011.0
2026-04-07,17,2179.8
2026-04-07,18,1490.5
2026-04-07,19,1520.1
2026-04-07,20,1594.0
2026-04-07,21,810.9
2026-04-07,22,768.3
2026-04-07,23,695.5
2026-04-08,0,327.6
2026-04-08,1,322.8
2026-04-08,2,325.5
2026-04-08,3,322.5
2026-04-08,4,331.1
2026-04-08,5,349.3
2026-04-08,6,881.2
2026-04-08,7,904.3
2026-04-08,8,1954.2
2026-04-08,9,2024.5
2026-04-08,10,1917.3
2026-04-08,11,1934.0
2026-04-08,12,1043.8
2026-04-08,13,1113.1
2026-04-08,14,2054.7
2026-04-08,15,2254.7
2026-04-08,16,2239.4
2026-04-08,17,2283.2
2026-04-08,18,1530.0
2026-04-08,19,1622.0
2026-04-08,20,1413.2
2026-04-08,21,781.8
2026-04-08,22,717.0
2026-04-08,23,736.9
2026-04-09,0,329.6
2026-04-09,1,324.6
2026-04-09,2,320.6
2026-04-09,3,315.1
2026-04-09,4,337.1
2026-04-09,5,354.5
2026-04-09,6,806.7
2026-04-09,7,912.4
2026-04-09,8,2058.0
2026-04-09,9,2039.3
2026-04-09,10,2129.1
2026-04-09,11,1843.4
2026-04-09,12,1101.3
2026-04-09,13,997.7
2026-04-09,14,2082.1
2026-04-09,15,2193.0
2026-04-09,16,2041.6
2026-04-09,17,2093.3
2026-04-09,18,1512.7
2026-04-09,19,1497.1
2026-04-09,20,1588.4
2026-04-09,21,760.0
2026-04-09,22,735.1
2026-04-09,23,728.3
2026-04-10,0,336.1
2026-04-10,1,348.1
2026-04-10,2,321.4
2026-04-10,3,317.0
2026-04-10,4,324.7
2026-04-10,5,354.6
2026-04-10,6,806.4
2026-04-10,7,909.1
2026-04-10,8,1963.7
2026-04-10,9,2009.0
2026-04-10,10,2012.7
2026-04-10,11,1916.6
2026-04-10,12,1077.7
2026-04-10,13,1093.1
2026-04-10,14,2226.4
2026-04-10,15,2148.8
2026-04-10,16,2163.6
2026-04-10,17,2106.0
2026-04-10,18,1541.6
2026-04-10,19,1580.8
2026-04-10,20,1621.7
2026-04-10,21,715.6
2026-04-10,22,726.3
2026-04-10,23,695.8
2026-04-11,0,171.3
2026-04-11,1,165.4
2026-04-11,2,180.5
2026-04-11,3,168.6
2026-04-11,4,178.8
2026-04-11,5,172.2
2026-04-11,6,429.9
2026-04-11,7,440.6
2026-04-11,8,1026.0
2026-04-11,9,1099.8
2026-04-11,10,1101.5
2026-04-11,11,985.2
2026-04-11,12,546.9
2026-04-11,13,541.6
2026-04-11,14,1060.4
2026-04-11,15,1183.3
2026-04-11,16,1188.9
2026-04-11,17,1105.8
2026-04-11,18,805.5
2026-04-11,19,729.1
2026-04-11,20,826.6
2026-04-11,21,401.9
2026-04-11,22,406.4
2026-04-11,23,363.3
2026-04-12,0,167.2
2026-04-12,1,169.2
2026-04-12,2,181.7
2026-04-12,3,173.0
2026-04-12,4,168.2
2026-04-12,5,173.4
2026-04-12,6,454.1
2026-04-12,7,462.9
2026-04-12,8,1072.8
2026-04-12,9,957.8
2026-04-12,10,1066.3
2026-04-12,11,1007.6
2026-04-12,12,581.1
2026-04-12,13,579.7
2026-04-12,14,1109.6
2026-04-12,15,1152.6
2026-04-12,16,1126.3
2026-04-12,17,1172.0
2026-04-12,18,830.8
2026-04-12,19,784.8
2026-04-12,20,840.5
2026-04-12,21,416.0
2026-04-12,22,391.1
2026-04-12,23,405.7
2026-04-13,0,356.2
2026-04-13,1,307.7
2026-04-13,2,305.1
2026-04-13,3,309.3
2026-04-13,4,322.3
2026-04-13,5,331.9
2026-04-13,6,800.6
2026-04-13,7,785.3
2026-04-13,8,2136.8
2026-04-13,9,1976.9
2026-04-13,10,1828.4
2026-04-13,11,1937.1
2026-04-13,12,974.1
2026-04-13,13,1107.4
2026-04-13,14,2189.7
2026-04-13,15,2269.1
2026-04-13,16,2203.0
2026-04-13,17,2136.5
2026-04-13,18,1618.7
2026-04-13,19,1583.3
2026-04-13,20,1510.0
2026-04-13,21,735.5
2026-04-13,22,802.9
2026-04-13,23,791.8
2026-04-14,0,307.4
2026-04-14,1,322.1
2026-04-14,2,316.2
2026-04-14,3,315.5
2026-04-14,4,332.9
2026-04-14,5,340.9
2026-04-14,6,830.8
2026-04-14,7,823.6
2026-04-14,8,2078.6
2026-04-14,9,1867.2
2026-04-14,10,2037.3
2026-04-14,11,1831.7
2026-04-14,12,1056.9
2026-04-14,13,1071.9
2026-04-14,14,2102.8
2026-04-14,15,2218.0
2026-04-14,16,2063.1
2026-04-14,17,2114.0
2026-04-14,18,1548.0
2026-04-14,19,1554.6
2026-04-14,20,1518.3
2026-04-14,21,765.0
2026-04-14,22,772.9
2026-04-14,23,761.0
2026-04-15,0,350.7
2026-04-15,1,345.4
2026-04-15,2,316.2
2026-04-15,3,308.9
2026-04-15,4,335.4
2026-04-15,5,320.9
2026-04-15,6,807.2
2026-04-15,7,900.6
2026-04-15,8,1856.1
2026-04-15,9,2125.9
2026-04-15,10,1872.0
2026-04-15,11,2007.1
2026-04-15,12,1089.0
2026-04-15,13,966.6
2026-04-15,14,2017.3
2026-04-15,15,2108.3
2026-04-15,16,2069.4
2026-04-15,17,2092.5
2026-04-15,18,1570.5
2026-04-15,19,1398.0
2026-04-15,20,1493.5
2026-04-15,21,748.7
2026-04-15,22,771.1
2026-04-15,23,736.1
2026-04-16,0,324.6
2026-04-16,1,348.4
2026-04-16,2,318.8
2026-04-16,3,314.8
2026-04-16,4,338.0
2026-04-16,5,355.5
2026-04-16,6,864.5
2026-04-16,7,802.0
2026-04-16,8,1933.3
2026-04-16,9,1876.5
2026-04-16,10,2053.5
2026-04-16,11,1902.1
2026-04-16,12,1021.0
2026-04-16,13,1042.7
2026-04-16,14,2268.9
2026-04-16,15,2295.3
2026-04-16,16,2326.2
2026-04-16,17,2033.5
2026-04-16,18,1493.0
2026-04-16,19,1625.9
2026-04-16,20,1616.2
2026-04-16,21,694.5
2026-04-16,22,763.4
2026-04-16,23,785.2
2026-04-17,0,312.4
2026-04-17,1,328.0
2026-04-17,2,305.8
2026-04-17,3,321.5
2026-04-17,4,338.1
2026-04-17,5,315.4
2026-04-17,6,879.8
2026-04-17,7,806.9
2026-04-17,8,2128.5
2026-04-17,9,1932.7
2026-04-17,10,2085.6
2026-04-17,11,1984.8
2026-04-17,12,1059.8
2026-04-17,13,963.1
2026-04-17,14,2253.1
2026-04-17,15,2241.5
2026-04-17,16,2006.6
2026-04-17,17,2199.0
2026-04-17,18,1624.3
2026-04-17,19,1501.0
2026-04-17,20,1548.7
2026-04-17,21,716.6
2026-04-17,22,782.0
2026-04-17,23,734.0
2026-04-18,0,179.6
2026-04-18,1,163.9
2026-04-18,2,160.7
2026-04-18,3,184.2
2026-04-18,4,167.9
2026-04-18,5,161.6
2026-04-18,6,459.9
2026-04-18,7,468.1
2026-04-18,8,1028.1
2026-04-18,9,980.3
2026-04-18,10,973.2
2026-04-18,11,1073.5
2026-04-18,12,572.4
2026-04-18,13,557.4
2026-04-18,14,1186.8
2026-04-18,15,1078.6
2026-04-18,16,1166.3
2026-04-18,17,1149.3
2026-04-18,18,785.0
2026-04-18,19,827.0
2026-04-18,20,833.7
2026-04-18,21,363.2
2026-04-18,22,402.5
2026-04-18,23,417.7
2026-04-19,0,158.0
2026-04-19,1,175.2
2026-04-19,2,184.6
2026-04-19,3,165.3
2026-04-19,4,159.1
2026-04-19,5,182.0
2026-04-19,6,415.4
2026-04-19,7,421.4
2026-04-19,8,1100.9
2026-04-19,9,1027.0
2026-04-19,10,1016.5
2026-04-19,11,1019.2
2026-04-19,12,575.9
2026-04-19,13,558.6
2026-04-19,14,1093.5
2026-04-19,15,1115.8
2026-04-19,16,1188.1
2026-04-19,17,1070.1
2026-04-19,18,746.8
2026-04-19,19,799.6
2026-04-19,20,807.7
2026-04-19,21,415.8
2026-04-19,22,394.0
2026-04-19,23,372.1
2026-04-20,0,335.1
2026-04-20,1,326.3
2026-04-20,2,356.4
2026-04-20,3,331.8
2026-04-20,4,310.0
2026-04-20,5,340.2
2026-04-20,6,849.6
2026-04-20,7,831.6
2026-04-20,8,2004.4
2026-04-20,9,2081.3
2026-04-20,10,1832.7
2026-04-20,11,1896.4
2026-04-20,12,1004.4
2026-04-20,13,1024.6
2026-04-20,14,2221.3
2026-04-20,15,2338.8
2026-04-20,16,2108.9
2026-04-20,17,2023.1
2026-04-20,18,1603.8
2026-04-20,19,1467.4
2026-04-20,20,1599.1
2026-04-20,21,808.4
2026-04-20,22,779.4
2026-04-20,23,798.9
2026-04-21,0,316.2
2026-04-21,1,348.7
2026-04-21,2,336.4
2026-04-21,3,324.9
2026-04-21,4,316.3
2026-04-21,5,318.1
2026-04-21,6,788.2
2026-04-21,7,813.8
2026-04-21,8,2062.7
2026-04-21,9,1870.0
2026-04-21,10,1878.3
2026-04-21,11,1844.5
2026-04-21,12,1079.7
2026-04-21,13,1051.0
2026-04-21,14,2120.3
2026-04-21,15,2181.1
2026-04-21,16,2239.5
2026-04-21,17,2167.2
2026-04-21,18,1608.4
2026-04-21,19,1457.0
2026-04-21,20,1439.9
2026-04-21,21,696.3
2026-04-21,22,719.7
2026-04-21,23,807.5
2026-04-22,0,313.9
2026-04-22,1,339.8
2026-04-22,2,313.7
2026-04-22,3,346.4
2026-04-22,4,335.3
2026-04-22,5,330.4
2026-04-22,6,896.3
2026-04-22,7,895.7
2026-04-22,8,1931.1
2026-04-22,9,1867.2
2026-04-22,10,1912.6
2026-04-22,11,2029.5
2026-04-22,12,1066.6
2026-04-22,13,1021.7
2026-04-22,14,2264.6
2026-04-22,15,2034.7
2026-04-22,16,1998.0
2026-04-22,17,2223.3
2026-04-22,18,1604.5
2026-04-22,19,1564.9
2026-04-22,20,1509.9
2026-04-22,21,716.4
2026-04-22,22,757.2
2026-04-22,23,788.8
2026-04-23,0,333.9
2026-04-23,1,344.6
2026-04-23,2,342.9
2026-04-23,3,337.4
2026-04-23,4,351.2
2026-04-23,5,309.7
2026-04-23,6,827.6
2026-04-23,7,884.7
2026-04-23,8,1829.6
2026-04-23,9,1870.4
2026-04-23,10,1950.6
2026-04-23,11,1940.4
2026-04-23,12,1032.0
2026-04-23,13,990.4
2026-04-23,14,2311.4
2026-04-23,15,2165.8
2026-04-23,16,2274.8
2026-04-23,17,2254.4
2026-04-23,18,1394.9
2026-04-23,19,1487.8
2026-04-23,20,1608.0
2026-04-23,21,775.5
2026-04-23,22,803.5
2026-04-23,23,747.1
2026-04-24,0,340.4
2026-04-24,1,318.2
2026-04-24,2,330.7
2026-04-24,3,311.1
2026-04-24,4,342.6
2026-04-24,5,303.8
2026-04-24,6,852.9
2026-04-24,7,851.5
2026-04-24,8,1939.0
2026-04-24,9,1835.2
2026-04-24,10,2098.3
2026-04-24,11,1876.9
2026-04-24,12,1109.5
2026-04-24,13,957.6
2026-04-24,14,2312.3
2026-04-24,15,2004.4
2026-04-24,16,2260.7
2026-04-24,17,2055.7
2026-04-24,18,1591.3
2026-04-24,19,1449.1
2026-04-24,20,1536.3
2026-04-24,21,741.9
2026-04-24,22,749.5
2026-04-24,23,724.0
2026-04-25,0,170.1
2026-04-25,1,170.4
2026-04-25,2,160.3
2026-04-25,3,173.7
2026-04-25,4,180.0
2026-04-25,5,162.3
2026-04-25,6,407.6
2026-04-25,7,419.2
2026-04-25,8,1107.4
2026-04-25,9,1009.3
2026-04-25,10,1059.8
2026-04-25,11,1046.9
2026-04-25,12,554.2
2026-04-25,13,537.4
2026-04-25,14,1149.2
2026-04-25,15,1114.9
2026-04-25,16,1199.7
2026-04-25,17,1145.5
2026-04-25,18,770.1
2026-04-25,19,807.9
2026-04-25,20,739.2
2026-04-25,21,414.4
2026-04-25,22,368.9
2026-04-25,23,380.2
2026-04-26,0,174.4
2026-04-26,1,171.4
2026-04-26,2,158.7
2026-04-26,3,158.7
2026-04-26,4,159.2
2026-04-26,5,178.9
2026-04-26,6,407.8
2026-04-26,7,452.7
2026-04-26,8,1095.4
2026-04-26,9,1063.1
2026-04-26,10,1060.1
2026-04-26,11,1010.5
2026-04-26,12,525.2
2026-04-26,13,515.0
2026-04-26,14,1195.4
2026-04-26,15,1200.0
2026-04-26,16,1192.4
2026-04-26,17,1210.4
2026-04-26,18,763.8
2026-04-26,19,725.8
2026-04-26,20,733.2
2026-04-26,21,411.2
2026-04-26,22,378.9
2026-04-26,23,400.5
2026-04-27,0,345.2
2026-04-27,1,349.4
2026-04-27,2,332.0
2026-04-27,3,320.0
2026-04-27,4,311.6
2026-04-27,5,327.1
2026-04-27,6,870.7
2026-04-27,7,907.7
2026-04-27,8,1912.5
2026-04-27,9,2016.7
2026-04-27,10,2136.2
2026-04-27,11,2136.9
2026-04-27,12,1053.8
2026-04-27,13,986.7
2026-04-27,14,2193.9
2026-04-27,15,2198.7
2026-04-27,16,2100.7
2026-04-27,17,2079.4
2026-04-27,18,1391.4
2026-04-27,19,1566.8
2026-04-27,20,1399.9
2026-04-27,21,724.4
2026-04-27,22,731.1
2026-04-27,23,699.2
2026-04-28,0,337.9
2026-04-28,1,337.0
2026-04-28,2,338.2
2026-04-28,3,351.2
2026-04-28,4,314.3
2026-04-28,5,349.1
2026-04-28,6,880.4
2026-04-28,7,788.7
2026-04-28,8,1934.7
2026-04-28,9,1831.6
2026-04-28,10,2037.3
2026-04-28,11,1928.7
2026-04-28,12,983.0
2026-04-28,13,1005.6
2026-04-28,14,2127.6
2026-04-28,15,2320.6
2026-04-28,16,2193.3
2026-04-28,17,2300.4
2026-04-28,18,1551.4
2026-04-28,19,1614.4
2026-04-28,20,1468.6
2026-04-28,21,753.3
2026-04-28,22,771.9
2026-04-28,23,788.6
2026-04-29,0,339.4
2026-04-29,1,330.3
2026-04-29,2,330.5
2026-04-29,3,305.7
2026-04-29,4,320.7
2026-04-29,5,319.8
2026-04-29,6,892.4
2026-04-29,7,906.9
2026-04-29,8,2012.3
2026-04-29,9,1994.2
2026-04-29,10,1968.7
2026-04-29,11,1859.7
2026-04-29,12,1075.7
2026-04-29,13,1114.2
2026-04-29,14,2035.8
2026-04-29,15,2123.9
2026-04-29,16,2329.6
2026-04-29,17,2291.3
2026-04-29,18,1586.1
2026-04-29,19,1563.1
2026-04-29,20,1595.9
2026-04-29,21,732.5
2026-04-29,22,717.0
2026-04-29,23,802.3
2026-04-30,0,315.9
2026-04-30,1,310.2
2026-04-30,2,344.3
2026-04-30,3,338.8
2026-04-30,4,322.0
2026-04-30,5,306.6
2026-04-30,6,826.2
2026-04-30,7,830.3
2026-04-30,8,1873.0
2026-04-30,9,1932.9
2026-04-30,10,2133.7
2026-04-30,11,1959.8
2026-04-30,12,1042.9
2026-04-30,13,1050.6
2026-04-30,14,2129.7
2026-04-30,15,2261.6
2026-04-30,16,2088.7
2026-04-30,17,2059.3
2026-04-30,18,1558.2
2026-04-30,19,1457.1
2026-04-30,20,1487.2
2026-04-30,21,786.7
2026-04-30,22,743.0
2026-04-30,23,778.9
2026-05-01,0,332.9
2026-05-01,1,328.7
2026-05-01,2,354.9
2026-05-01,3,343.8
2026-05-01,4,319.6
2026-05-01,5,346.9
2026-05-01,6,864.5
2026-05-01,7,835.2
2026-05-01,8,2002.8
2026-05-01,9,2170.1
2026-05-01,10,2037.3
2026-05-01,11,1948.6
2026-05-01,12,1107.1
2026-05-01,13,1066.6
2026-05-01,14,2249.1
2026-05-01,15,2304.4
2026-05-01,16,2142.1
2026-05-01,17,2320.0
2026-05-01,18,1537.9
2026-05-01,19,1601.2
2026-05-01,20,1451.2
2026-05-01,21,715.7
2026-05-01,22,823.5
2026-05-01,23,830.5
2026-05-02,0,168.3
2026-05-02,1,163.8
2026-05-02,2,176.1
2026-05-02,3,170.8
2026-05-02,4,177.3
2026-05-02,5,164.0
2026-05-02,6,441.4
2026-05-02,7,453.5
2026-05-02,8,1030.6
2026-05-02,9,986.9
2026-05-02,10,1053.6
2026-05-02,11,1109.0
2026-05-02,12,532.6
2026-05-02,13,526.6
2026-05-02,14,1110.3
2026-05-02,15,1196.4
2026-05-02,16,1145.4
2026-05-02,17,1166.9
2026-05-02,18,792.5
2026-05-02,19,750.8
2026-05-02,20,841.4
2026-05-02,21,377.3
2026-05-02,22,424.0
2026-05-02,23,407.1
2026-05-03,0,169.4
2026-05-03,1,165.7
2026-05-03,2,185.1
2026-05-03,3,177.6
2026-05-03,4,171.0
2026-05-03,5,179.4
2026-05-03,6,424.5
2026-05-03,7,446.1
2026-05-03,8,1021.6
2026-05-03,9,1046.6
2026-05-03,10,1030.4
2026-05-03,11,1046.9
2026-05-03,12,525.3
2026-05-03,13,585.1
2026-05-03,14,1151.4
2026-05-03,15,1074.6
2026-05-03,16,1174.3
2026-05-03,17,1186.3
2026-05-03,18,802.4
2026-05-03,19,780.4
2026-05-03,20,816.4
2026-05-03,21,373.1
2026-05-03,22,398.0
2026-05-03,23,401.4
2026-05-04,0,344.1
2026-05-04,1,362.7
2026-05-04,2,316.7
2026-05-04,3,352.9
2026-05-04,4,363.7
2026-05-04,5,322.8
2026-05-04,6,935.7
2026-05-04,7,930.5
2026-05-04,8,2188.4
2026-05-04,9,2013.2
2026-05-04,10,1999.0
2026-05-04,11,1909.0
2026-05-04,12,1095.4
2026-05-04,13,1147.5
2026-05-04,14,2077.9
2026-05-04,15,2176.0
2026-05-04,16,2305.3
2026-05-04,17,2057.1
2026-05-04,18,1652.6
2026-05-04,19,1526.9
2026-05-04,20,1441.9
2026-05-04,21,724.0
2026-05-04,22,766.9
2026-05-04,23,738.6
2026-05-05,0,359.3
2026-05-05,1,363.1
2026-05-05,2,362.3
2026-05-05,3,353.4
2026-05-05,4,317.0
2026-05-05,5,356.0
2026-05-05,6,877.8
2026-05-05,7,884.6
2026-05-05,8,1915.6
2026-05-05,9,2035.9
2026-05-05,10,1923.5
2026-05-05,11,1978.6
2026-05-05,12,1115.0
2026-05-05,13,1132.2
2026-05-05,14,2403.7
2026-05-05,15,2406.3
2026-05-05,16,2330.1
2026-05-05,17,2139.6
2026-05-05,18,1646.4
2026-05-05,19,1614.7
2026-05-05,20,1436.1
2026-05-05,21,722.6
2026-05-05,22,789.5
2026-05-05,23,722.5
2026-05-06,0,338.6
2026-05-06,1,352.0
2026-05-06,2,338.5
2026-05-06,3,319.7
2026-05-06,4,343.0
2026-05-06,5,327.1
2026-05-06,6,869.0
2026-05-06,7,815.5
2026-05-06,8,2168.9
2026-05-06,9,1901.4
2026-05-06,10,2023.8
2026-05-06,11,2050.0
2026-05-06,12,1140.5
2026-05-06,13,1003.1
2026-05-06,14,2397.8
2026-05-06,15,2326.7
2026-05-06,16,2342.4
2026-05-06,17,2327.5
2026-05-06,18,1458.8
2026-05-06,19,1537.4
2026-05-06,20,1571.8
2026-05-06,21,765.4
2026-05-06,22,776.0
2026-05-06,23,820.9
2026-05-07,0,340.3
2026-05-07,1,313.2
2026-05-07,2,315.3
2026-05-07,3,343.6
2026-05-07,4,330.5
2026-05-07,5,316.9
2026-05-07,6,821.4
2026-05-07,7,811.6
2026-05-07,8,2140.6
2026-05-07,9,2083.1
2026-05-07,10,2020.0
2026-05-07,11,2034.8
2026-05-07,12,1083.6
2026-05-07,13,1027.8
2026-05-07,14,2126.5
2026-05-07,15,2393.1
2026-05-07,16,2220.0
2026-05-07,17,2156.2
2026-05-07,18,1667.7
2026-05-07,19,1473.8
2026-05-07,20,1503.0
2026-05-07,21,727.1
2026-05-07,22,806.1
2026-05-07,23,838.4
2026-05-08,0,312.7
2026-05-08,1,351.6
2026-05-08,2,319.6
2026-05-08,3,322.8
2026-05-08,4,361.4
2026-05-08,5,355.6
2026-05-08,6,827.3
2026-05-08,7,851.1
2026-05-08,8,1994.7
2026-05-08,9,1901.0
2026-05-08,10,1915.5
2026-05-08,11,2033.4
2026-05-08,12,1090.3
2026-05-08,13,987.3
2026-05-08,14,2077.7
2026-05-08,15,2113.9
2026-05-08,16,2058.5
2026-05-08,17,2069.2
2026-05-08,18,1569.9
2026-05-08,19,1508.2
2026-05-08,20,1530.4
2026-05-08,21,760.8
2026-05-08,22,813.5
2026-05-08,23,773.1
2026-05-09,0,179.9
2026-05-09,1,169.9
2026-05-09,2,172.2
2026-05-09,3,172.0
2026-05-09,4,179.9
2026-05-09,5,184.5
2026-05-09,6,429.8
2026-05-09,7,453.5
2026-05-09,8,997.6
2026-05-09,9,1080.9
2026-05-09,10,979.4
2026-05-09,11,1084.0
2026-05-09,12,548.5
2026-05-09,13,557.4
2026-05-09,14,1097.5
2026-05-09,15,1166.6
2026-05-09,16,1222.3
2026-05-09,17,1128.3
2026-05-09,18,841.1
2026-05-09,19,819.8
2026-05-09,20,777.6
2026-05-09,21,424.4
2026-05-09,22,426.4
2026-05-09,23,417.4
2026-05-10,0,164.1
2026-05-10,1,169.7
2026-05-10,2,182.5
2026-05-10,3,179.2
2026-05-10,4,183.0
2026-05-10,5,169.6
2026-05-10,6,473.8
2026-05-10,7,451.2
2026-05-10,8,1103.7
2026-05-10,9,1012.4
2026-05-10,10,1099.5
2026-05-10,11,1141.8
2026-05-10,12,573.8
2026-05-10,13,538.0
2026-05-10,14,1177.9
2026-05-10,15,1084.1
2026-05-10,16,1087.1
2026-05-10,17,1176.0
2026-05-10,18,834.8
2026-05-10,19,858.9
2026-05-10,20,828.4
2026-05-10,21,374.6
2026-05-10,22,373.6
2026-05-10,23,422.9
2026-05-11,0,328.1
2026-05-11,1,316.8
2026-05-11,2,365.2
2026-05-11,3,314.9
2026-05-11,4,326.3
2026-05-11,5,326.0
2026-05-11,6,826.5
2026-05-11,7,935.9
2026-05-11,8,2086.0
2026-05-11,9,1988.6
2026-05-11,10,2113.7
2026-05-11,11,1919.8
2026-05-11,12,1026.4
2026-05-11,13,1065.0
2026-05-11,14,2156.3
2026-05-11,15,2397.1
2026-05-11,16,2061.5
2026-05-11,17,2108.9
2026-05-11,18,1542.2
2026-05-11,19,1518.8
2026-05-11,20,1672.4
2026-05-11,21,818.5
2026-05-11,22,792.6
2026-05-11,23,729.6
2026-05-12,0,314.7
2026-05-12,1,341.2
2026-05-12,2,315.7
2026-05-12,3,353.6
2026-05-12,4,317.7
2026-05-12,5,323.8
2026-05-12,6,872.4
2026-05-12,7,868.1
2026-05-12,8,2111.8
2026-05-12,9,2163.7
2026-05-12,10,2127.9
2026-05-12,11,1993.4
2026-05-12,12,1023.2
2026-05-12,13,1016.4
2026-05-12,14,2274.2
2026-05-12,15,2107.9
2026-05-12,16,2266.1
2026-05-12,17,2335.6
2026-05-12,18,1540.2
2026-05-12,19,1435.2
2026-05-12,20,1507.7
2026-05-12,21,757.7
2026-05-12,22,808.1
2026-05-12,23,786.4
2026-05-13,0,319.7
2026-05-13,1,316.8
2026-05-13,2,366.9
2026-05-13,3,353.5
2026-05-13,4,357.3
2026-05-13,5,335.7
2026-05-13,6,855.4
2026-05-13,7,909.8
2026-05-13,8,1877.4
2026-05-13,9,2106.1
2026-05-13,10,1942.7
2026-05-13,11,1998.7
2026-05-13,12,1028.8
2026-05-13,13,1090.4
2026-05-13,14,2118.6
2026-05-13,15,2332.6
2026-05-13,16,2060.0
2026-05-13,17,2281.6
2026-05-13,18,1522.4
2026-05-13,19,1518.4
2026-05-13,20,1592.4
2026-05-13,21,791.6
2026-05-13,22,800.9
2026-05-13,23,749.0
2026-05-14,0,346.5
2026-05-14,1,355.8
2026-05-14,2,339.1
2026-05-14,3,352.4
2026-05-14,4,344.3
2026-05-14,5,346.3
2026-05-14,6,865.9
2026-05-14,7,925.7
2026-05-14,8,2068.7
2026-05-14,9,1906.4
2026-05-14,10,2173.2
2026-05-14,11,2122.3
2026-05-14,12,1044.2
2026-05-14,13,1071.2
2026-05-14,14,2259.0
2026-05-14,15,2357.2
2026-05-14,16,2187.2
2026-05-14,17,2070.3
2026-05-14,18,1453.9
2026-05-14,19,1561.4
2026-05-14,20,1447.5
2026-05-14,21,836.9
2026-05-14,22,818.0
2026-05-14,23,772.1
2026-05-15,0,313.2
2026-05-15,1,329.0
2026-05-15,2,358.5
2026-05-15,3,343.2
2026-05-15,4,361.1
2026-05-15,5,329.3
2026-05-15,6,806.8
2026-05-15,7,904.0
2026-05-15,8,2050.3
2026-05-15,9,1941.3
2026-05-15,10,1876.9
2026-05-15,11,2187.6
2026-05-15,12,1127.6
2026-05-15,13,1063.4
2026-05-15,14,2099.0
2026-05-15,15,2299.3
2026-05-15,16,2353.7
2026-05-15,17,2099.2
2026-05-15,18,1656.7
2026-05-15,19,1646.7
2026-05-15,20,1431.1
2026-05-15,21,782.3
2026-05-15,22,821.3
2026-05-15,23,781.4
2026-05-16,0,176.3
2026-05-16,1,190.8
2026-05-16,2,189.2
2026-05-16,3,178.7
2026-05-16,4,168.9
2026-05-16,5,168.2
2026-05-16,6,426.3
2026-05-16,7,484.1
2026-05-16,8,1001.2
2026-05-16,9,1128.5
2026-05-16,10,1137.3
2026-05-16,11,1048.0
2026-05-16,12,597.0
2026-05-16,13,525.5
2026-05-16,14,1231.1
2026-05-16,15,1174.0
2026-05-16,16,1120.5
2026-05-16,17,1207.2
2026-05-16,18,753.2
2026-05-16,19,828.4
2026-05-16,20,751.5
2026-05-16,21,434.7
2026-05-16,22,423.2
2026-05-16,23,412.7
2026-05-17,0,178.3
2026-05-17,1,186.4
2026-05-17,2,183.3
2026-05-17,3,164.1
2026-05-17,4,173.2
2026-05-17,5,168.8
2026-05-17,6,432.3
2026-05-17,7,473.7
2026-05-17,8,983.8
2026-05-17,9,986.6
2026-05-17,10,1032.7
2026-05-17,11,1072.2
2026-05-17,12,591.2
2026-05-17,13,545.3
2026-05-17,14,1251.6
2026-05-17,15,1237.9
2026-05-17,16,1224.7
2026-05-17,17,1127.2
2026-05-17,18,831.6
2026-05-17,19,753.0
2026-05-17,20,787.7
2026-05-17,21,398.3
2026-05-17,22,416.0
2026-05-17,23,413.8
2026-05-18,0,328.0
2026-05-18,1,321.6
2026-05-18,2,316.4
2026-05-18,3,315.5
2026-05-18,4,329.7
2026-05-18,5,322.1
2026-05-18,6,828.1
2026-05-18,7,814.8
2026-05-18,8,1901.5
2026-05-18,9,1947.6
2026-05-18,10,2148.3
2026-05-18,11,1926.3
2026-05-18,12,1006.1
2026-05-18,13,1102.3
2026-05-18,14,2154.8
2026-05-18,15,2162.4
2026-05-18,16,2073.0
2026-05-18,17,2144.0
2026-05-18,18,1657.7
2026-05-18,19,1474.1
2026-05-18,20,1478.1
2026-05-18,21,736.6
2026-05-18,22,746.7
2026-05-18,23,780.9
2026-05-19,0,337.1
2026-05-19,1,343.7
2026-05-19,2,354.2
2026-05-19,3,331.0
2026-05-19,4,338.7
2026-05-19,5,335.0
2026-05-19,6,918.9
2026-05-19,7,829.1
2026-05-19,8,2008.8
2026-05-19,9,2177.8
2026-05-19,10,2151.1
2026-05-19,11,2049.6
2026-05-19,12,1056.3
2026-05-19,13,1026.7
2026-05-19,14,2368.8
2026-05-19,15,2182.6
2026-05-19,16,2222.7
2026-05-19,17,2060.5
2026-05-19,18,1672.3
2026-05-19,19,1461.1
2026-05-19,20,1501.2
2026-05-19,21,837.0
2026-05-19,22,770.3
2026-05-19,23,774.1
2026-05-20,0,354.2
2026-05-20,1,330.4
2026-05-20,2,340.2
2026-05-20,3,329.2
2026-05-20,4,351.4
2026-05-20,5,317.4
2026-05-20,6,849.8
2026-05-20,7,906.8
2026-05-20,8,2021.1
2026-05-20,9,2200.7
2026-05-20,10,1922.4
2026-05-20,11,2086.7
2026-05-20,12,1148.7
2026-05-20,13,1001.0
2026-05-20,14,2189.0
2026-05-20,15,2105.8
2026-05-20,16,2154.5
2026-05-20,17,2349.3
2026-05-20,18,1536.0
2026-05-20,19,1676.8
2026-05-20,20,1529.2
2026-05-20,21,789.1
2026-05-20,22,824.6
2026-05-20,23,794.3
2026-05-21,0,337.1
2026-05-21,1,364.5
2026-05-21,2,366.3
2026-05-21,3,325.8
2026-05-21,4,313.2
2026-05-21,5,314.7
2026-05-21,6,928.4
2026-05-21,7,841.5
2026-05-21,8,1929.8
2026-05-21,9,2073.5
2026-05-21,10,1945.6
2026-05-21,11,2185.2
2026-05-21,12,1101.2
2026-05-21,13,992.1
2026-05-21,14,2182.5
2026-05-21,15,2103.7
2026-05-21,16,2338.8
2026-05-21,17,2357.4
2026-05-21,18,1461.4
2026-05-21,19,1528.3
2026-05-21,20,1452.7
2026-05-21,21,834.3
2026-05-21,22,808.4
2026-05-21,23,747.2
2026-05-22,0,365.3
2026-05-22,1,315.1
2026-05-22,2,334.0
2026-05-22,3,318.4
2026-05-22,4,322.9
2026-05-22,5,330.6
2026-05-22,6,859.7
2026-05-22,7,938.2
2026-05-22,8,1948.8
2026-05-22,9,2000.5
2026-05-22,10,1888.6
2026-05-22,11,2165.2
2026-05-22,12,1019.3
2026-05-22,13,1086.3
2026-05-22,14,2206.1
2026-05-22,15,2341.0
2026-05-22,16,2061.8
2026-05-22,17,2295.7
2026-05-22,18,1545.0
2026-05-22,19,1604.9
2026-05-22,20,1676.3
2026-05-22,21,786.5
2026-05-22,22,823.9
2026-05-22,23,827.8
2026-05-23,0,174.8
2026-05-23,1,190.3
2026-05-23,2,190.5
2026-05-23,3,170.9
2026-05-23,4,163.7
2026-05-23,5,181.1
2026-05-23,6,441.4
2026-05-23,7,479.0
2026-05-23,8,1031.8
2026-05-23,9,1094.3
2026-05-23,10,1067.8
2026-05-23,11,990.2
2026-05-23,12,525.0
2026-05-23,13,532.8
2026-05-23,14,1219.2
2026-05-23,15,1127.2
2026-05-23,16,1145.3
2026-05-23,17,1101.4
2026-05-23,18,804.8
2026-05-23,19,772.9
2026-05-23,20,765.6
2026-05-23,21,399.3
2026-05-23,22,435.1
2026-05-23,23,435.9
2026-05-24,0,190.4
2026-05-24,1,168.2
2026-05-24,2,166.1
2026-05-24,3,173.3
2026-05-24,4,170.5
2026-05-24,5,186.5
2026-05-24,6,437.4
2026-05-24,7,464.1
2026-05-24,8,1143.5
2026-05-24,9,1039.5
2026-05-24,10,1036.6
2026-05-24,11,1086.0
2026-05-24,12,564.2
2026-05-24,13,596.3
2026-05-24,14,1135.3
2026-05-24,15,1226.7
2026-05-24,16,1210.8
2026-05-24,17,1112.9
2026-05-24,18,748.8
2026-05-24,19,794.1
2026-05-24,20,826.5
2026-05-24,21,405.4
2026-05-24,22,403.2
2026-05-24,23,390.2
2026-05-25,0,356.8
2026-05-25,1,346.5
2026-05-25,2,346.2
2026-05-25,3,315.8
2026-05-25,4,319.9
2026-05-25,5,313.8
2026-05-25,6,812.2
2026-05-25,7,834.3
2026-05-25,8,2130.3
2026-05-25,9,1897.7
2026-05-25,10,1947.4
2026-05-25,11,1893.0
2026-05-25,12,1152.9
2026-05-25,13,1067.6
2026-05-25,14,2227.8
2026-05-25,15,2079.0
2026-05-25,16,2390.3
2026-05-25,17,2365.7
2026-05-25,18,1555.7
2026-05-25,19,1546.7
2026-05-25,20,1658.9
2026-05-25,21,747.0
2026-05-25,22,828.3
2026-05-25,23,735.7
2026-05-26,0,341.6
2026-05-26,1,330.0
2026-05-26,2,336.8
2026-05-26,3,357.7
2026-05-26,4,334.3
2026-05-26,5,329.6
2026-05-26,6,898.1
2026-05-26,7,896.2
2026-05-26,8,1937.8
2026-05-26,9,1981.5
2026-05-26,10,2015.7
2026-05-26,11,1964.3
2026-05-26,12,1107.7
2026-05-26,13,1011.7
2026-05-26,14,2146.8
2026-05-26,15,2174.3
2026-05-26,16,2226.0
2026-05-26,17,2173.7
2026-05-26,18,1571.8
2026-05-26,19,1510.8
2026-05-26,20,1604.0
2026-05-26,21,744.6
2026-05-26,22,804.5
2026-05-26,23,748.8
2026-05-27,0,328.4
2026-05-27,1,336.8
2026-05-27,2,318.7
2026-05-27,3,360.2
2026-05-27,4,344.5
2026-05-27,5,325.6
2026-05-27,6,935.5
2026-05-27,7,810.9
2026-05-27,8,2153.3
2026-05-27,9,2117.3
2026-05-27,10,1929.7
2026-05-27,11,2080.5
2026-05-27,12,1064.0
2026-05-27,13,1071.1
2026-05-27,14,2255.8
2026-05-27,15,2109.8
2026-05-27,16,2349.9
2026-05-27,17,2255.4
2026-05-27,18,1493.0
2026-05-27,19,1461.4
2026-05-27,20,1429.2
2026-05-27,21,785.8
2026-05-27,22,782.8
2026-05-27,23,804.7
2026-05-28,0,339.0
2026-05-28,1,328.4
2026-05-28,2,351.1
2026-05-28,3,365.7
2026-05-28,4,338.4
2026-05-28,5,361.4
2026-05-28,6,906.6
2026-05-28,7,876.1
2026-05-28,8,2040.6
2026-05-28,9,2199.6
2026-05-28,10,2120.7
2026-05-28,11,2034.1
2026-05-28,12,1068.3
2026-05-28,13,1024.1
2026-05-28,14,2360.3
2026-05-28,15,2266.4
2026-05-28,16,2121.4
2026-05-28,17,2155.5
2026-05-28,18,1566.8
2026-05-28,19,1492.9
2026-05-28,20,1648.5
2026-05-28,21,744.1
2026-05-28,22,831.9
2026-05-28,23,735.9
2026-05-29,0,340.7
2026-05-29,1,316.0
2026-05-29,2,332.4
2026-05-29,3,364.8
2026-05-29,4,350.1
2026-05-29,5,350.2
2026-05-29,6,809.3
2026-05-29,7,845.6
2026-05-29,8,2005.3
2026-05-29,9,2088.9
2026-05-29,10,1963.7
2026-05-29,11,2146.8
2026-05-29,12,1004.4
2026-05-29,13,1005.3
2026-05-29,14,2060.4
2026-05-29,15,2361.2
2026-05-29,16,2095.2
2026-05-29,17,2324.3
2026-05-29,18,1663.7
2026-05-29,19,1466.4
2026-05-29,20,1573.0
2026-05-29,21,822.8
2026-05-29,22,757.8
2026-05-29,23,762.8
2026-05-30,0,189.6
2026-05-30,1,176.1
2026-05-30,2,190.5
2026-05-30,3,187.4
2026-05-30,4,188.5
2026-05-30,5,185.8
2026-05-30,6,469.1
2026-05-30,7,468.0
2026-05-30,8,1102.3
2026-05-30,9,1079.8
2026-05-30,10,996.5
2026-05-30,11,977.6
2026-05-30,12,533.2
2026-05-30,13,593.6
2026-05-30,14,1178.9
2026-05-30,15,1091.1
2026-05-30,16,1201.7
2026-05-30,17,1088.4
2026-05-30,18,855.0
2026-05-30,19,762.2
2026-05-30,20,772.2
2026-05-30,21,390.6
2026-05-30,22,405.6
2026-05-30,23,435.4
2026-05-31,0,171.1
2026-05-31,1,187.3
2026-05-31,2,184.8
2026-05-31,3,173.5
2026-05-31,4,177.7
2026-05-31,5,172.4
2026-05-31,6,435.9
2026-05-31,7,450.8
2026-05-31,8,1062.3
2026-05-31,9,1138.3
2026-05-31,10,1123.2
2026-05-31,11,988.5
2026-05-31,12,537.3
2026-05-31,13,513.5
2026-05-31,14,1132.5
2026-05-31,15,1220.7
2026-05-31,16,1212.8
2026-05-31,17,1086.8
2026-05-31,18,824.6
2026-05-31,19,827.2
2026-05-31,20,854.4
2026-05-31,21,430.1
2026-05-31,22,382.0
2026-05-31,23,435.5
2026-06-01,0,389.7
2026-06-01,1,380.1
2026-06-01,2,381.4
2026-06-01,3,379.4
2026-06-01,4,344.4
2026-06-01,5,353.3
2026-06-01,6,932.2
2026-06-01,7,979.0
2026-06-01,8,2233.1
2026-06-01,9,2127.6
2026-06-01,10,2257.0
2026-06-01,11,2145.5
2026-06-01,12,1148.4
2026-06-01,13,1140.7
2026-06-01,14,2555.7
2026-06-01,15,2328.0
2026-06-01,16,2347.8
2026-06-01,17,2276.6
2026-06-01,18,1744.9
2026-06-01,19,1630.1
2026-06-01,20,1555.6
2026-06-01,21,788.5
2026-06-01,22,872.3
2026-06-01,23,900.1
2026-06-02,0,361.9
2026-06-02,1,370.4
2026-06-02,2,349.0
2026-06-02,3,382.4
2026-06-02,4,381.9
2026-06-02,5,388.9
2026-06-02,6,895.4
2026-06-02,7,979.1
2026-06-02,8,2232.7
2026-06-02,9,2320.7
2026-06-02,10,2135.7
2026-06-02,11,2031.4
2026-06-02,12,1166.8
2026-06-02,13,1105.2
2026-06-02,14,2466.1
2026-06-02,15,2282.2
2026-06-02,16,2364.5
2026-06-02,17,2288.9
2026-06-02,18,1566.8
2026-06-02,19,1758.7
2026-06-02,20,1574.7
2026-06-02,21,835.9
2026-06-02,22,798.2
2026-06-02,23,810.9
2026-06-03,0,393.2
2026-06-03,1,373.4
2026-06-03,2,343.4
2026-06-03,3,371.5
2026-06-03,4,359.6
2026-06-03,5,389.6
2026-06-03,6,939.5
2026-06-03,7,971.3
2026-06-03,8,2310.0
2026-06-03,9,2083.6
2026-06-03,10,2178.2
2026-06-03,11,2321.8
2026-06-03,12,1190.3
2026-06-03,13,1148.5
2026-06-03,14,2292.5
2026-06-03,15,2442.4
2026-06-03,16,2379.5
2026-06-03,17,2424.0
2026-06-03,18,1624.4
2026-06-03,19,1776.2
2026-06-03,20,1593.2
2026-06-03,21,894.3
2026-06-03,22,817.1
2026-06-03,23,800.0
2026-06-04,0,345.2
2026-06-04,1,390.3
2026-06-04,2,348.5
2026-06-04,3,356.0
2026-06-04,4,350.1
2026-06-04,5,373.0
2026-06-04,6,931.5
2026-06-04,7,905.4
2026-06-04,8,2354.6
2026-06-04,9,2179.9
2026-06-04,10,2083.1
2026-06-04,11,2345.4
2026-06-04,12,1166.3
2026-06-04,13,1137.6
2026-06-04,14,2445.1
2026-06-04,15,2481.1
2026-06-04,16,2362.9
2026-06-04,17,2384.0
2026-06-04,18,1721.0
2026-06-04,19,1683.5
2026-06-04,20,1600.6
2026-06-04,21,832.4
2026-06-04,22,852.4
2026-06-04,23,880.0
2026-06-05,0,378.8
2026-06-05,1,346.0
2026-06-05,2,367.0
2026-06-05,3,339.0
2026-06-05,4,378.1
2026-06-05,5,382.1
2026-06-05,6,984.1
2026-06-05,7,1015.3
2026-06-05,8,2158.5
2026-06-05,9,2254.9
2026-06-05,10,2359.3
2026-06-05,11,2111.3
2026-06-05,12,1214.7
2026-06-05,13,1122.1
2026-06-05,14,2348.5
2026-06-05,15,2459.5
2026-06-05,16,2228.7
2026-06-05,17,2377.7
2026-06-05,18,1586.3
2026-06-05,19,1614.0
2026-06-05,20,1587.0
2026-06-05,21,832.7
2026-06-05,22,837.0
2026-06-05,23,847.0
2026-06-06,0,188.9
2026-06-06,1,201.7
2026-06-06,2,176.5
2026-06-06,3,182.9
2026-06-06,4,184.3
2026-06-06,5,200.7
2026-06-06,6,476.1
2026-06-06,7,477.8
2026-06-06,8,1148.4
2026-06-06,9,1095.2
2026-06-06,10,1154.0
2026-06-06,11,1082.4
2026-06-06,12,554.1
2026-06-06,13,615.2
2026-06-06,14,1169.9
2026-06-06,15,1199.0
2026-06-06,16,1270.8
2026-06-06,17,1171.1
2026-06-06,18,873.2
2026-06-06,19,876.6
2026-06-06,20,883.8
2026-06-06,21,449.5
2026-06-06,22,450.2
2026-06-06,23,414.6
2026-06-07,0,192.9
2026-06-07,1,203.9
2026-06-07,2,197.1
2026-06-07,3,204.7
2026-06-07,4,194.3
2026-06-07,5,179.8
2026-06-07,6,490.3
2026-06-07,7,497.6
2026-06-07,8,1200.2
2026-06-07,9,1089.6
2026-06-07,10,1132.3
2026-06-07,11,1078.0
2026-06-07,12,603.0
2026-06-07,13,555.8
2026-06-07,14,1190.5
2026-06-07,15,1250.6
2026-06-07,16,1209.1
2026-06-07,17,1256.3
2026-06-07,18,824.3
2026-06-07,19,827.5
2026-06-07,20,883.0
2026-06-07,21,440.1
2026-06-07,22,401.6
2026-06-07,23,441.9
2026-06-08,0,350.4
2026-06-08,1,348.5
2026-06-08,2,339.2
2026-06-08,3,345.5
2026-06-08,4,359.2
2026-06-08,5,390.6
2026-06-08,6,967.7
2026-06-08,7,1009.0
2026-06-08,8,2141.5
2026-06-08,9,2252.7
2026-06-08,10,2294.3
2026-06-08,11,2210.9
2026-06-08,12,1152.5
2026-06-08,13,1084.5
2026-06-08,14,2398.1
2026-06-08,15,2450.3
2026-06-08,16,2319.7
2026-06-08,17,2420.1
2026-06-08,18,1795.3
2026-06-08,19,1551.2
2026-06-08,20,1542.5
2026-06-08,21,792.6
2026-06-08,22,863.6
2026-06-08,23,893.2
2026-06-09,0,386.0
2026-06-09,1,350.3
2026-06-09,2,387.9
2026-06-09,3,352.9
2026-06-09,4,359.9
2026-06-09,5,385.4
2026-06-09,6,933.4
2026-06-09,7,926.3
2026-06-09,8,2167.0
2026-06-09,9,2323.3
2026-06-09,10,2127.3
2026-06-09,11,2328.5
2026-06-09,12,1092.1
2026-06-09,13,1159.2
2026-06-09,14,2480.5
2026-06-09,15,2448.5
2026-06-09,16,2290.9
2026-06-09,17,2302.2
2026-06-09,18,1772.3
2026-06-09,19,1609.0
2026-06-09,20,1781.1
2026-06-09,21,794.8
2026-06-09,22,898.7
2026-06-09,23,832.8
2026-06-10,0,353.6
2026-06-10,1,377.6
2026-06-10,2,378.6
2026-06-10,3,340.8
2026-06-10,4,345.6
2026-06-10,5,343.6
2026-06-10,6,985.3
2026-06-10,7,900.5
2026-06-10,8,2095.3
2026-06-10,9,2110.7
2026-06-10,10,2186.1
2026-06-10,11,2339.1
2026-06-10,12,1085.9
2026-06-10,13,1147.1
2026-06-10,14,2481.0
2026-06-10,15,2375.0
2026-06-10,16,2413.3
2026-06-10,17,2435.6
2026-06-10,18,1642.9
2026-06-10,19,1785.3
2026-06-10,20,1612.8
2026-06-10,21,863.0
2026-06-10,22,800.5
2026-06-10,23,868.4
2026-06-11,0,356.7
2026-06-11,1,341.7
2026-06-11,2,373.5
2026-06-11,3,352.8
2026-06-11,4,347.5
2026-06-11,5,392.6
2026-06-11,6,1007.7
2026-06-11,7,930.0
2026-06-11,8,2074.1
2026-06-11,9,2228.4
2026-06-11,10,2275.9
2026-06-11,11,2214.8
2026-06-11,12,1203.4
2026-06-11,13,1192.6
2026-06-11,14,2285.2
2026-06-11,15,2281.3
2026-06-11,16,2348.7
2026-06-11,17,2319.9
2026-06-11,18,1665.9
2026-06-11,19,1618.9
2026-06-11,20,1806.0
2026-06-11,21,812.2
2026-06-11,22,876.2
2026-06-11,23,847.2
2026-06-12,0,390.5
2026-06-12,1,342.2
2026-06-12,2,340.1
2026-06-12,3,350.2
2026-06-12,4,371.6
2026-06-12,5,384.4
2026-06-12,6,895.5
2026-06-12,7,929.9
2026-06-12,8,2110.1
2026-06-12,9,2207.8
2026-06-12,10,2328.0
2026-06-12,11,2305.7
2026-06-12,12,1158.5
2026-06-12,13,1104.3
2026-06-12,14,2353.1
2026-06-12,15,2430.2
2026-06-12,16,2365.6
2026-06-12,17,2575.2
2026-06-12,18,1772.0
2026-06-12,19,1605.6
2026-06-12,20,1710.5
2026-06-12,21,817.1
2026-06-12,22,812.7
2026-06-12,23,787.5
2026-06-13,0,177.7
2026-06-13,1,180.2
2026-06-13,2,193.5
2026-06-13,3,180.4
2026-06-13,4,203.9
2026-06-13,5,188.2
2026-06-13,6,470.1
2026-06-13,7,517.2
2026-06-13,8,1054.6
2026-06-13,9,1100.9
2026-06-13,10,1178.8
2026-06-13,11,1104.9
2026-06-13,12,611.0
2026-06-13,13,600.8
2026-06-13,14,1154.6
2026-06-13,15,1313.2
2026-06-13,16,1208.6
2026-06-13,17,1165.7
2026-06-13,18,857.5
2026-06-13,19,863.1
2026-06-13,20,929.2
2026-06-13,21,463.1
2026-06-13,22,453.1
2026-06-13,23,431.4
2026-06-14,0,196.6
2026-06-14,1,186.6
2026-06-14,2,189.3
2026-06-14,3,185.3
2026-06-14,4,181.2
2026-06-14,5,205.5
2026-06-14,6,480.1
2026-06-14,7,503.0
2026-06-14,8,1172.5
2026-06-14,9,1130.6
2026-06-14,10,1117.6
2026-06-14,11,1156.1
2026-06-14,12,624.7
2026-06-14,13,563.0
2026-06-14,14,1331.4
2026-06-14,15,1267.3
2026-06-14,16,1223.5
2026-06-14,17,1331.8
2026-06-14,18,806.5
2026-06-14,19,868.6
2026-06-14,20,865.6
2026-06-14,21,443.3
2026-06-14,22,421.6
2026-06-14,23,455.6
2026-06-15,0,341.6
2026-06-15,1,363.5
2026-06-15,2,341.2
2026-06-15,3,357.7
2026-06-15,4,359.8
2026-06-15,5,379.4
2026-06-15,6,967.9
2026-06-15,7,987.3
2026-06-15,8,2329.7
2026-06-15,9,2274.3
2026-06-15,10,2059.3
2026-06-15,11,2250.6
2026-06-15,12,1174.7
2026-06-15,13,1125.1
2026-06-15,14,2256.5
2026-06-15,15,2221.2
2026-06-15,16,2391.1
2026-06-15,17,2493.7
2026-06-15,18,1660.0
2026-06-15,19,1798.3
2026-06-15,20,1636.3
2026-06-15,21,898.2
2026-06-15,22,834.2
2026-06-15,23,822.3
2026-06-16,0,386.9
2026-06-16,1,370.5
2026-06-16,2,390.3
2026-06-16,3,384.6
2026-06-16,4,374.8
2026-06-16,5,341.4
2026-06-16,6,876.9
2026-06-16,7,951.4
2026-06-16,8,2356.1
2026-06-16,9,2364.1
2026-06-16,10,2064.2
2026-06-16,11,2252.8
2026-06-16,12,1206.4
2026-06-16,13,1187.6
2026-06-16,14,2584.7
2026-06-16,15,2310.0
2026-06-16,16,2516.6
2026-06-16,17,2579.5
2026-06-16,18,1633.6
2026-06-16,19,1768.6
2026-06-16,20,1587.7
2026-06-16,21,790.6
2026-06-16,22,881.4
2026-06-16,23,830.1
2026-06-17,0,386.4
2026-06-17,1,362.3
2026-06-17,2,352.3
2026-06-17,3,388.4
2026-06-17,4,369.1
2026-06-17,5,340.3
2026-06-17,6,954.9
2026-06-17,7,909.9
2026-06-17,8,2072.1
2026-06-17,9,2349.5
2026-06-17,10,2109.8
2026-06-17,11,2154.5
2026-06-17,12,1126.5
2026-06-17,13,1170.4
2026-06-17,14,2342.0
2026-06-17,15,2255.8
2026-06-17,16,2270.8
2026-06-17,17,2469.6
2026-06-17,18,1592.8
2026-06-17,19,1597.7
2026-06-17,20,1570.8
2026-06-17,21,794.5
2026-06-17,22,902.8
2026-06-17,23,839.3
2026-06-18,0,349.1
2026-06-18,1,380.2
2026-06-18,2,384.6
2026-06-18,3,377.6
2026-06-18,4,369.2
2026-06-18,5,354.9
2026-06-18,6,972.7
2026-06-18,7,992.8
2026-06-18,8,2196.6
2026-06-18,9,2039.7
2026-06-18,10,2315.4
2026-06-18,11,2052.9
2026-06-18,12,1079.1
2026-06-18,13,1095.1
2026-06-18,14,2270.4
2026-06-18,15,2485.5
2026-06-18,16,2281.8
2026-06-18,17,2525.3
2026-06-18,18,1578.2
2026-06-18,19,1742.2
2026-06-18,20,1685.0
2026-06-18,21,883.8
2026-06-18,22,895.5
2026-06-18,23,794.2
2026-06-19,0,340.3
2026-06-19,1,340.1
2026-06-19,2,364.4
2026-06-19,3,355.1
2026-06-19,4,364.1
2026-06-19,5,359.7
2026-06-19,6,963.6
2026-06-19,7,972.3
2026-06-19,8,2371.5
2026-06-19,9,2195.7
2026-06-19,10,2061.8
2026-06-19,11,2115.3
2026-06-19,12,1170.0
2026-06-19,13,1189.9
2026-06-19,14,2289.6
2026-06-19,15,2563.9
2026-06-19,16,2569.7
2026-06-19,17,2289.5
2026-06-19,18,1582.3
2026-06-19,19,1749.1
2026-06-19,20,1575.4
2026-06-19,21,794.9
2026-06-19,22,781.7
2026-06-19,23,892.3
2026-06-20,0,180.2
2026-06-20,1,184.0
2026-06-20,2,202.5
2026-06-20,3,187.5
2026-06-20,4,177.1
2026-06-20,5,196.6
2026-06-20,6,503.7
2026-06-20,7,490.1
2026-06-20,8,1187.0
2026-06-20,9,1191.7
2026-06-20,10,1160.0
2026-06-20,11,1199.3
2026-06-20,12,624.3
2026-06-20,13,599.1
2026-06-20,14,1234.7
2026-06-20,15,1343.6
2026-06-20,16,1195.5
2026-06-20,17,1338.6
2026-06-20,18,933.1
2026-06-20,19,939.9
2026-06-20,20,886.8
2026-06-20,21,450.2
2026-06-20,22,411.9
2026-06-20,23,442.9
2026-06-21,0,179.5
2026-06-21,1,197.9
2026-06-21,2,196.1
2026-06-21,3,180.1
2026-06-21,4,185.3
2026-06-21,5,184.2
2026-06-21,6,502.7
2026-06-21,7,464.1
2026-06-21,8,1105.5
2026-06-21,9,1205.4
2026-06-21,10,1075.1
2026-06-21,11,1116.4
2026-06-21,12,612.2
2026-06-21,13,628.1
2026-06-21,14,1343.1
2026-06-21,15,1292.6
2026-06-21,16,1226.7
2026-06-21,17,1306.6
2026-06-21,18,894.9
2026-06-21,19,815.8
2026-06-21,20,884.4
2026-06-21,21,432.4
2026-06-21,22,459.8
2026-06-21,23,447.6
2026-06-22,0,354.3
2026-06-22,1,378.7
2026-06-22,2,373.9
2026-06-22,3,387.3
2026-06-22,4,387.7
2026-06-22,5,393.6
2026-06-22,6,1002.8
2026-06-22,7,970.8
2026-06-22,8,2037.5
2026-06-22,9,2273.3
2026-06-22,10,2360.3
2026-06-22,11,2130.6
2026-06-22,12,1183.7
2026-06-22,13,1100.2
2026-06-22,14,2545.4
2026-06-22,15,2240.7
2026-06-22,16,2416.6
2026-06-22,17,2588.8
2026-06-22,18,1554.7
2026-06-22,19,1612.2
2026-06-22,20,1697.4
2026-06-22,21,793.5
2026-06-22,22,866.3
2026-06-22,23,821.4
2026-06-23,0,363.0
2026-06-23,1,356.9
2026-06-23,2,341.2
2026-06-23,3,362.1
2026-06-23,4,384.5
2026-06-23,5,349.4
2026-06-23,6,945.5
2026-06-23,7,875.5
2026-06-23,8,2135.9
2026-06-23,9,2318.9
2026-06-23,10,2159.5
2026-06-23,11,2069.8
2026-06-23,12,1145.4
2026-06-23,13,1172.4
2026-06-23,14,2377.8
2026-06-23,15,2369.4
2026-06-23,16,2507.5
2026-06-23,17,2374.4
2026-06-23,18,1740.8
2026-06-23,19,1553.9
2026-06-23,20,1754.9
2026-06-23,21,865.9
2026-06-23,22,896.8
2026-06-23,23,871.8
2026-06-24,0,391.9
2026-06-24,1,376.8
2026-06-24,2,383.3
2026-06-24,3,344.7
2026-06-24,4,365.5
2026-06-24,5,358.1
2026-06-24,6,991.1
2026-06-24,7,907.3
2026-06-24,8,2176.7
2026-06-24,9,2331.9
2026-06-24,10,2188.6
2026-06-24,11,2337.5
2026-06-24,12,1176.4
2026-06-24,13,1126.6
2026-06-24,14,2439.2
2026-06-24,15,2337.1
2026-06-24,16,2298.6
2026-06-24,17,2217.0
2026-06-24,18,1546.5
2026-06-24,19,1613.9
2026-06-24,20,1596.0
2026-06-24,21,858.7
2026-06-24,22,897.4
2026-06-24,23,805.8
2026-06-25,0,367.9
2026-06-25,1,387.8
2026-06-25,2,368.6
2026-06-25,3,376.0
2026-06-25,4,394.4
2026-06-25,5,354.3
2026-06-25,6,922.7
2026-06-25,7,908.0
2026-06-25,8,2114.6
2026-06-25,9,2268.8
2026-06-25,10,2183.3
2026-06-25,11,2241.9
2026-06-25,12,1180.0
2026-06-25,13,1238.8
2026-06-25,14,2360.8
2026-06-25,15,2365.5
2026-06-25,16,2361.6
2026-06-25,17,2470.4
2026-06-25,18,1640.3
2026-06-25,19,1703.3
2026-06-25,20,1709.9
2026-06-25,21,895.5
2026-06-25,22,900.4
2026-06-25,23,845.3
2026-06-26,0,362.7
2026-06-26,1,395.1
2026-06-26,2,375.7
2026-06-26,3,355.9
2026-06-26,4,348.3
2026-06-26,5,383.4
2026-06-26,6,1001.0
2026-06-26,7,934.6
2026-06-26,8,2167.1
2026-06-26,9,2063.9
2026-06-26,10,2237.5
2026-06-26,11,2214.1
2026-06-26,12,1062.6
2026-06-26,13,1166.3
2026-06-26,14,2588.5
2026-06-26,15,2470.9
2026-06-26,16,2308.3
2026-06-26,17,2582.3
2026-06-26,18,1548.2
2026-06-26,19,1626.1
2026-06-26,20,1707.1
2026-06-26,21,880.7
2026-06-26,22,896.1
2026-06-26,23,791.1
2026-06-27,0,203.3
2026-06-27,1,199.4
2026-06-27,2,202.4
2026-06-27,3,178.3
2026-06-27,4,178.0
2026-06-27,5,187.8
2026-06-27,6,494.0
2026-06-27,7,456.3
2026-06-27,8,1219.6
2026-06-27,9,1197.3
2026-06-27,10,1198.5
2026-06-27,11,1191.0
2026-06-27,12,638.8
2026-06-27,13,592.5
2026-06-27,14,1251.5
2026-06-27,15,1335.2
2026-06-27,16,1217.2
2026-06-27,17,1174.5
2026-06-27,18,811.5
2026-06-27,19,806.9
2026-06-27,20,801.1
2026-06-27,21,443.5
2026-06-27,22,417.4
2026-06-27,23,465.2
2026-06-28,0,178.3
2026-06-28,1,178.0
2026-06-28,2,183.4
2026-06-28,3,185.1
2026-06-28,4,205.6
2026-06-28,5,195.6
2026-06-28,6,496.8
2026-06-28,7,490.4
2026-06-28,8,1063.4
2026-06-28,9,1129.0
2026-06-28,10,1091.9
2026-06-28,11,1088.4
2026-06-28,12,581.9
2026-06-28,13,596.5
2026-06-28,14,1303.1
2026-06-28,15,1313.2
2026-06-28,16,1151.5
2026-06-28,17,1246.0
2026-06-28,18,851.7
2026-06-28,19,835.3
2026-06-28,20,813.3
2026-06-28,21,435.6
2026-06-28,22,420.6
2026-06-28,23,434.6
2026-06-29,0,379.5
2026-06-29,1,390.4
2026-06-29,2,381.6
2026-06-29,3,392.6
2026-06-29,4,338.0
2026-06-29,5,386.1
2026-06-29,6,982.7
2026-06-29,7,974.6
2026-06-29,8,2116.9
2026-06-29,9,2143.4
2026-06-29,10,2100.4
2026-06-29,11,2252.0
2026-06-29,12,1226.8
2026-06-29,13,1213.8
2026-06-29,14,2510.8
2026-06-29,15,2590.1
2026-06-29,16,2414.7
2026-06-29,17,2503.7
2026-06-29,18,1774.3
2026-06-29,19,1599.3
2026-06-29,20,1686.6
2026-06-29,21,771.2
2026-06-29,22,807.2
2026-06-29,23,838.5
2026-06-30,0,371.6
2026-06-30,1,366.8
2026-06-30,2,380.4
2026-06-30,3,383.4
2026-06-30,4,352.8
2026-06-30,5,389.5
2026-06-30,6,870.4
2026-06-30,7,905.5
2026-06-30,8,2070.5
2026-06-30,9,2124.4
2026-06-30,10,2027.5
2026-06-30,11,2212.7
2026-06-30,12,1116.6
2026-06-30,13,1190.4
2026-06-30,14,2507.7
2026-06-30,15,2304.5
2026-06-30,16,2237.2
2026-06-30,17,2533.0
2026-06-30,18,1679.3
2026-06-30,19,1650.5
2026-06-30,20,1748.7
2026-06-30,21,830.6
2026-06-30,22,816.1
2026-06-30,23,874.6
2026-07-01,0,416.9
2026-07-01,1,418.2
2026-07-01,2,386.6
2026-07-01,3,373.3
2026-07-01,4,425.2
2026-07-01,5,394.4
2026-07-01,6,969.3
2026-07-01,7,1038.2
2026-07-01,8,2374.0
2026-07-01,9,2471.7
2026-07-01,10,2252.9
2026-07-01,11,2272.3
2026-07-01,12,1261.3
2026-07-01,13,1199.7
2026-07-01,14,2574.3
2026-07-01,15,2737.6
2026-07-01,16,2756.8
2026-07-01,17,2645.4
2026-07-01,18,1808.8
2026-07-01,19,1816.1
2026-07-01,20,1796.9
2026-07-01,21,900.9
2026-07-01,22,990.8
2026-07-01,23,933.1
2026-07-02,0,410.6
2026-07-02,1,423.3
2026-07-02,2,427.5
2026-07-02,3,415.1
2026-07-02,4,399.8
2026-07-02,5,430.7
2026-07-02,6,1017.4
2026-07-02,7,1040.3
2026-07-02,8,2451.8
2026-07-02,9,2375.6
2026-07-02,10,2394.2
2026-07-02,11,2317.7
2026-07-02,12,1243.4
2026-07-02,13,1324.2
2026-07-02,14,2585.3
2026-07-02,15,2466.4
2026-07-02,16,2696.8
2026-07-02,17,2786.4
2026-07-02,18,1766.2
2026-07-02,19,1755.1
2026-07-02,20,1704.7
2026-07-02,21,924.7
2026-07-02,22,979.0
2026-07-02,23,881.8
2026-07-03,0,420.2
2026-07-03,1,397.2
2026-07-03,2,410.5
2026-07-03,3,426.8
2026-07-03,4,415.8
2026-07-03,5,408.0
2026-07-03,6,1034.4
2026-07-03,7,955.3
2026-07-03,8,2423.0
2026-07-03,9,2463.3
2026-07-03,10,2403.8
2026-07-03,11,2361.7
2026-07-03,12,1336.2
2026-07-03,13,1218.3
2026-07-03,14,2545.3
2026-07-03,15,2706.3
2026-07-03,16,2562.6
2026-07-03,17,2566.3
2026-07-03,18,1806.3
2026-07-03,19,1904.1
2026-07-03,20,1947.1
2026-07-03,21,856.8
2026-07-03,22,982.0
2026-07-03,23,960.5
2026-07-04,0,196.1
2026-07-04,1,216.2
2026-07-04,2,225.7
2026-07-04,3,195.4
2026-07-04,4,216.8
2026-07-04,5,215.1
2026-07-04,6,530.3
2026-07-04,7,536.9
2026-07-04,8,1180.5
2026-07-04,9,1172.5
2026-07-04,10,1238.9
2026-07-04,11,1295.3
2026-07-04,12,647.6
2026-07-04,13,642.1
2026-07-04,14,1331.1
2026-07-04,15,1432.8
2026-07-04,16,1450.4
2026-07-04,17,1302.1
2026-07-04,18,981.5
2026-07-04,19,952.4
2026-07-04,20,1026.0
2026-07-04,21,506.1
2026-07-04,22,449.7
2026-07-04,23,445.0
2026-07-05,0,219.2
2026-07-05,1,211.5
2026-07-05,2,218.1
2026-07-05,3,200.0
2026-07-05,4,224.8
2026-07-05,5,198.1
2026-07-05,6,579.9
2026-07-05,7,513.2
2026-07-05,8,1350.2
2026-07-05,9,1277.9
2026-07-05,10,1327.5
2026-07-05,11,1348.0
2026-07-05,12,655.5
2026-07-05,13,690.6
2026-07-05,14,1279.4
2026-07-05,15,1456.4
2026-07-05,16,1453.3
2026-07-05,17,1370.2
2026-07-05,18,940.8
2026-07-05,19,916.3
2026-07-05,20,1027.1
2026-07-05,21,493.5
2026-07-05,22,443.2
2026-07-05,23,440.3
2026-07-06,0,386.1
2026-07-06,1,422.0
2026-07-06,2,377.8
2026-07-06,3,410.2
2026-07-06,4,388.5
2026-07-06,5,392.0
2026-07-06,6,969.3
2026-07-06,7,990.8
2026-07-06,8,2402.6
2026-07-06,9,2408.0
2026-07-06,10,2387.1
2026-07-06,11,2506.0
2026-07-06,12,1193.7
2026-07-06,13,1192.9
2026-07-06,14,2624.1
2026-07-06,15,2798.8
2026-07-06,16,2665.1
2026-07-06,17,2845.4
2026-07-06,18,1882.2
2026-07-06,19,1737.5
2026-07-06,20,1961.5
2026-07-06,21,850.0
2026-07-06,22,873.1
2026-07-06,23,914.1
2026-07-07,0,393.3
2026-07-07,1,412.8
2026-07-07,2,390.3
2026-07-07,3,416.8
2026-07-07,4,374.8
2026-07-07,5,391.6
2026-07-07,6,1015.5
2026-07-07,7,1110.8
2026-07-07,8,2539.3
2026-07-07,9,2529.7
2026-07-07,10,2579.2
2026-07-07,11,2407.1
2026-07-07,12,1334.2
2026-07-07,13,1226.2
2026-07-07,14,2440.0
2026-07-07,15,2461.7
2026-07-07,16,2565.9
2026-07-07,17,2579.2
2026-07-07,18,1983.5
2026-07-07,19,1764.7
2026-07-07,20,1824.2
2026-07-07,21,971.7
2026-07-07,22,875.4
2026-07-07,23,950.9
2026-07-08,0,395.3
2026-07-08,1,381.3
2026-07-08,2,370.6
2026-07-08,3,370.6
2026-07-08,4,375.4
2026-07-08,5,389.0
2026-07-08,6,1058.3
2026-07-08,7,965.6
2026-07-08,8,2417.3
2026-07-08,9,2311.4
2026-07-08,10,2273.6
2026-07-08,11,2556.0
2026-07-08,12,1255.9
2026-07-08,13,1351.9
2026-07-08,14,2768.9
2026-07-08,15,2750.0
2026-07-08,16,2855.6
2026-07-08,17,2773.6
2026-07-08,18,1950.0
2026-07-08,19,1835.1
2026-07-08,20,1763.1
2026-07-08,21,872.0
2026-07-08,22,927.6
2026-07-08,23,975.6
2026-07-09,0,419.1
2026-07-09,1,387.3
2026-07-09,2,434.3
2026-07-09,3,391.7
2026-07-09,4,418.5
2026-07-09,5,372.2
2026-07-09,6,1034.6
2026-07-09,7,972.6
2026-07-09,8,2407.2
2026-07-09,9,2338.5
2026-07-09,10,2267.3
2026-07-09,11,2328.3
2026-07-09,12,1193.7
2026-07-09,13,1239.1
2026-07-09,14,2710.9
2026-07-09,15,2506.4
2026-07-09,16,2812.4
2026-07-09,17,2460.6
2026-07-09,18,1889.2
2026-07-09,19,1909.8
2026-07-09,20,1844.7
2026-07-09,21,951.3
2026-07-09,22,981.1
2026-07-09,23,920.0
2026-07-10,0,426.3
2026-07-10,1,389.3
2026-07-10,2,430.6
2026-07-10,3,378.0
2026-07-10,4,392.7
2026-07-10,5,388.5
2026-07-10,6,968.4
2026-07-10,7,993.2
2026-07-10,8,2350.0
2026-07-10,9,2536.4
2026-07-10,10,2469.2
2026-07-10,11,2329.7
2026-07-10,12,1273.3
2026-07-10,13,1347.2
2026-07-10,14,2506.8
2026-07-10,15,2701.1
2026-07-10,16,2656.4
2026-07-10,17,2523.3
2026-07-10,18,1863.8
2026-07-10,19,1983.3
2026-07-10,20,1846.0
2026-07-10,21,886.1
2026-07-10,22,892.2
2026-07-10,23,872.3
2026-07-11,0,206.1
2026-07-11,1,205.4
2026-07-11,2,210.6
2026-07-11,3,212.0
2026-07-11,4,207.7
2026-07-11,5,205.9
2026-07-11,6,539.7
2026-07-11,7,529.2
2026-07-11,8,1275.3
2026-07-11,9,1339.7
2026-07-11,10,1260.9
2026-07-11,11,1297.9
2026-07-11,12,704.8
2026-07-11,13,645.0
2026-07-11,14,1312.4
2026-07-11,15,1398.6
2026-07-11,16,1337.2
2026-07-11,17,1363.8
2026-07-11,18,982.7
2026-07-11,19,1020.3
2026-07-11,20,1032.4
2026-07-11,21,485.9
2026-07-11,22,455.5
2026-07-11,23,499.9
2026-07-12,0,218.9
2026-07-12,1,206.5
2026-07-12,2,194.8
2026-07-12,3,214.0
2026-07-12,4,211.2
2026-07-12,5,214.9
2026-07-12,6,513.3
2026-07-12,7,566.2
2026-07-12,8,1249.2
2026-07-12,9,1195.0
2026-07-12,10,1343.3
2026-07-12,11,1247.5
2026-07-12,12,611.2
2026-07-12,13,637.3
2026-07-12,14,1398.8
2026-07-12,15,1367.9
2026-07-12,16,1419.3
2026-07-12,17,1282.4
2026-07-12,18,1001.7
2026-07-12,19,913.0
2026-07-12,20,904.2
2026-07-12,21,485.0
2026-07-12,22,443.3
2026-07-12,23,470.4
2026-07-13,0,432.0
2026-07-13,1,405.4
2026-07-13,2,374.8
2026-07-13,3,417.9
2026-07-13,4,429.2
2026-07-13,5,418.6
2026-07-13,6,1027.9
2026-07-13,7,985.1
2026-07-13,8,2428.8
2026-07-13,9,2279.5
2026-07-13,10,2473.9
2026-07-13,11,2481.2
2026-07-13,12,1255.4
2026-07-13,13,1278.7
2026-07-13,14,2496.3
2026-07-13,15,2724.9
2026-07-13,16,2670.1
2026-07-13,17,2810.0
2026-07-13,18,1914.8
2026-07-13,19,1893.3
2026-07-13,20,1772.2
2026-07-13,21,897.1
2026-07-13,22,941.3
2026-07-13,23,869.1
2026-07-14,0,380.4
2026-07-14,1,401.0
2026-07-14,2,416.3
2026-07-14,3,384.6
2026-07-14,4,390.0
2026-07-14,5,402.4
2026-07-14,6,958.1
2026-07-14,7,1092.4
2026-07-14,8,2229.2
2026-07-14,9,2537.8
2026-07-14,10,2476.7
2026-07-14,11,2350.2
2026-07-14,12,1280.6
2026-07-14,13,1365.7
2026-07-14,14,2636.8
2026-07-14,15,2601.0
2026-07-14,16,2463.1
2026-07-14,17,2447.5
2026-07-14,18,1784.5
2026-07-14,19,1864.2
2026-07-14,20,1816.7
2026-07-14,21,865.0
2026-07-14,22,898.2
2026-07-14,23,933.2
2026-07-15,0,394.4
2026-07-15,1,384.8
2026-07-15,2,427.2
2026-07-15,3,389.0
2026-07-15,4,377.5
2026-07-15,5,371.1
2026-07-15,6,1071.2
2026-07-15,7,982.6
2026-07-15,8,2479.1
2026-07-15,9,2391.7
2026-07-15,10,2237.6
2026-07-15,11,2248.8
2026-07-15,12,1248.9
2026-07-15,13,1290.4
2026-07-15,14,2444.9
2026-07-15,15,2453.0
2026-07-15,16,2478.3
2026-07-15,17,2522.2
2026-07-15,18,1694.5
2026-07-15,19,1950.1
2026-07-15,20,1876.0
2026-07-15,21,898.6
2026-07-15,22,848.7
2026-07-15,23,977.7
2026-07-16,0,406.3
2026-07-16,1,426.9
2026-07-16,2,394.4
2026-07-16,3,404.2
2026-07-16,4,387.5
2026-07-16,5,418.8
2026-07-16,6,987.7
2026-07-16,7,1114.4
2026-07-16,8,2477.9
2026-07-16,9,2238.0
2026-07-16,10,2449.0
2026-07-16,11,2347.3
2026-07-16,12,1256.6
2026-07-16,13,1172.8
2026-07-16,14,2737.9
2026-07-16,15,2737.6
2026-07-16,16,2512.5
2026-07-16,17,2783.7
2026-07-16,18,1952.7
2026-07-16,19,1959.7
2026-07-16,20,1889.9
2026-07-16,21,983.1
2026-07-16,22,950.7
2026-07-16,23,865.9
2026-07-17,0,384.2
2026-07-17,1,402.4
2026-07-17,2,423.9
2026-07-17,3,409.5
2026-07-17,4,417.1
2026-07-17,5,422.5
2026-07-17,6,969.2
2026-07-17,7,1001.5
2026-07-17,8,2473.9
2026-07-17,9,2460.1
2026-07-17,10,2350.8
2026-07-17,11,2276.6
2026-07-17,12,1174.2
2026-07-17,13,1183.7
2026-07-17,14,2488.3
2026-07-17,15,2700.2
2026-07-17,16,2564.5
2026-07-17,17,2515.0
2026-07-17,18,1949.1
2026-07-17,19,1948.8
2026-07-17,20,1722.9
2026-07-17,21,940.3
2026-07-17,22,958.9
2026-07-17,23,888.8
2026-07-18,0,208.4
2026-07-18,1,208.4
2026-07-18,2,221.1
2026-07-18,3,217.5
2026-07-18,4,222.3
2026-07-18,5,206.3
2026-07-18,6,554.7
2026-07-18,7,529.5
2026-07-18,8,1319.9
2026-07-18,9,1317.2
2026-07-18,10,1355.6
2026-07-18,11,1339.0
2026-07-18,12,616.3
2026-07-18,13,619.6
2026-07-18,14,1415.6
2026-07-18,15,1355.5
2026-07-18,16,1424.6
2026-07-18,17,1281.6
2026-07-18,18,940.6
2026-07-18,19,893.6
2026-07-18,20,1005.4
2026-07-18,21,461.6
2026-07-18,22,490.9
2026-07-18,23,502.1
2026-07-19,0,220.5
2026-07-19,1,203.0
2026-07-19,2,219.1
2026-07-19,3,221.1
2026-07-19,4,210.7
2026-07-19,5,202.6
2026-07-19,6,567.6
2026-07-19,7,546.4
2026-07-19,8,1307.4
2026-07-19,9,1156.3
2026-07-19,10,1260.1
2026-07-19,11,1325.5
2026-07-19,12,614.8
2026-07-19,13,708.5
2026-07-19,14,1364.4
2026-07-19,15,1378.1
2026-07-19,16,1467.5
2026-07-19,17,1429.0
2026-07-19,18,952.6
2026-07-19,19,988.1
2026-07-19,20,931.9
2026-07-19,21,482.4
2026-07-19,22,445.3
2026-07-19,23,495.2
2026-07-20,0,400.7
2026-07-20,1,422.8
2026-07-20,2,396.8
2026-07-20,3,433.6
2026-07-20,4,388.3
2026-07-20,5,405.2
2026-07-20,6,1066.8
2026-07-20,7,1011.1
2026-07-20,8,2244.8
2026-07-20,9,2496.0
2026-07-20,10,2365.9
2026-07-20,11,2575.5
2026-07-20,12,1264.5
2026-07-20,13,1348.6
2026-07-20,14,2462.8
2026-07-20,15,2682.1
2026-07-20,16,2678.6
2026-07-20,17,2657.1
2026-07-20,18,1696.1
2026-07-20,19,1838.5
2026-07-20,20,1899.9
2026-07-20,21,885.5
2026-07-20,22,935.6
2026-07-20,23,855.3
2026-07-21,0,394.4
2026-07-21,1,433.2
2026-07-21,2,422.5
2026-07-21,3,416.1
2026-07-21,4,378.0
2026-07-21,5,372.5
2026-07-21,6,1047.5
2026-07-21,7,970.4
2026-07-21,8,2316.4
2026-07-21,9,2540.7
2026-07-21,10,2322.8
2026-07-21,11,2293.9
2026-07-21,12,1193.4
2026-07-21,13,1332.6
2026-07-21,14,2527.3
2026-07-21,15,2706.1
2026-07-21,16,2570.3
2026-07-21,17,2486.8
2026-07-21,18,1836.3
2026-07-21,19,1984.3
2026-07-21,20,1724.5
2026-07-21,21,900.5
2026-07-21,22,923.4
2026-07-21,23,883.9
2026-07-22,0,410.3
2026-07-22,1,434.2
2026-07-22,2,419.5
2026-07-22,3,397.9
2026-07-22,4,389.3
2026-07-22,5,413.0
2026-07-22,6,1066.4
2026-07-22,7,985.0
2026-07-22,8,2533.7
2026-07-22,9,2382.5
2026-07-22,10,2302.0
2026-07-22,11,2603.3
2026-07-22,12,1364.6
2026-07-22,13,1342.7
2026-07-22,14,2757.9
2026-07-22,15,2529.3
2026-07-22,16,2529.0
2026-07-22,17,2772.3
2026-07-22,18,1850.9
2026-07-22,19,1900.9
2026-07-22,20,1784.5
2026-07-22,21,899.0
2026-07-22,22,973.1
2026-07-22,23,878.8
2026-07-23,0,397.3
2026-07-23,1,427.6
2026-07-23,2,396.1
2026-07-23,3,379.8
2026-07-23,4,420.0
2026-07-23,5,411.9
2026-07-23,6,987.7
2026-07-23,7,1101.8
2026-07-23,8,2513.1
2026-07-23,9,2458.7
2026-07-23,10,2352.9
2026-07-23,11,2475.8
2026-07-23,12,1352.7
2026-07-23,13,1171.5
2026-07-23,14,2496.8
2026-07-23,15,2637.7
2026-07-23,16,2525.6
2026-07-23,17,2561.3
2026-07-23,18,1854.7
2026-07-23,19,1713.3
2026-07-23,20,1728.8
2026-07-23,21,889.1
2026-07-23,22,859.4
2026-07-23,23,921.5
2026-07-24,0,373.8
2026-07-24,1,378.7
2026-07-24,2,382.1
2026-07-24,3,390.0
2026-07-24,4,430.8
2026-07-24,5,431.1
2026-07-24,6,1072.5
2026-07-24,7,1074.1
2026-07-24,8,2521.8
2026-07-24,9,2474.7
2026-07-24,10,2560.8
2026-07-24,11,2564.8
2026-07-24,12,1319.9
2026-07-24,13,1333.0
2026-07-24,14,2756.8
2026-07-24,15,2849.4
2026-07-24,16,2575.7
2026-07-24,17,2707.0
2026-07-24,18,1746.7
2026-07-24,19,1771.0
2026-07-24,20,1978.9
2026-07-24,21,951.3
2026-07-24,22,877.1
2026-07-24,23,898.4
2026-07-25,0,222.6
2026-07-25,1,214.1
2026-07-25,2,213.9
2026-07-25,3,195.1
2026-07-25,4,198.3
2026-07-25,5,196.7
2026-07-25,6,544.8
2026-07-25,7,516.9
2026-07-25,8,1191.9
2026-07-25,9,1351.5
2026-07-25,10,1200.3
2026-07-25,11,1190.4
2026-07-25,12,702.1
2026-07-25,13,624.4
2026-07-25,14,1415.9
2026-07-25,15,1356.3
2026-07-25,16,1389.3
2026-07-25,17,1328.9
2026-07-25,18,975.4
2026-07-25,19,950.5
2026-07-25,20,1017.5
2026-07-25,21,488.5
2026-07-25,22,449.5
2026-07-25,23,514.5
2026-07-26,0,218.0
2026-07-26,1,192.8
2026-07-26,2,197.7
2026-07-26,3,212.2
2026-07-26,4,217.3
2026-07-26,5,219.4
2026-07-26,6,580.3
2026-07-26,7,572.2
2026-07-26,8,1186.2
2026-07-26,9,1174.3
2026-07-26,10,1188.3
2026-07-26,11,1218.7
2026-07-26,12,649.5
2026-07-26,13,617.7
2026-07-26,14,1274.3
2026-07-26,15,1319.4
2026-07-26,16,1401.1
2026-07-26,17,1276.4
2026-07-26,18,933.9
2026-07-26,19,966.8
2026-07-26,20,919.5
2026-07-26,21,494.1
2026-07-26,22,468.4
2026-07-26,23,507.4
2026-07-27,0,413.4
2026-07-27,1,383.9
2026-07-27,2,382.2
2026-07-27,3,379.8
2026-07-27,4,408.4
2026-07-27,5,406.0
2026-07-27,6,1016.1
2026-07-27,7,1084.9
2026-07-27,8,2286.0
2026-07-27,9,2570.7
2026-07-27,10,2244.1
2026-07-27,11,2545.2
2026-07-27,12,1309.5
2026-07-27,13,1290.5
2026-07-27,14,2696.0
2026-07-27,15,2803.9
2026-07-27,16,2573.1
2026-07-27,17,2572.7
2026-07-27,18,1742.7
2026-07-27,19,1694.9
2026-07-27,20,1942.3
2026-07-27,21,869.4
2026-07-27,22,883.7
2026-07-27,23,910.5
2026-07-28,0,418.9
2026-07-28,1,387.5
2026-07-28,2,423.4
2026-07-28,3,391.2
2026-07-28,4,420.3
2026-07-28,5,391.1
2026-07-28,6,991.4
2026-07-28,7,997.5
2026-07-28,8,2430.0
2026-07-28,9,2255.4
2026-07-28,10,2569.3
2026-07-28,11,2545.7
2026-07-28,12,1278.0
2026-07-28,13,1333.8
2026-07-28,14,2716.1
2026-07-28,15,2805.1
2026-07-28,16,2599.9
2026-07-28,17,2548.9
2026-07-28,18,1844.5
2026-07-28,19,1729.0
2026-07-28,20,1701.6
2026-07-28,21,913.6
2026-07-28,22,889.7
2026-07-28,23,883.2
2026-07-29,0,433.8
2026-07-29,1,418.8
2026-07-29,2,381.6
2026-07-29,3,371.8
2026-07-29,4,397.7
2026-07-29,5,432.2
2026-07-29,6,1061.8
2026-07-29,7,974.3
2026-07-29,8,2313.8
2026-07-29,9,2477.0
2026-07-29,10,2267.7
2026-07-29,11,2419.4
2026-07-29,12,1282.8
2026-07-29,13,1310.9
2026-07-29,14,2469.0
2026-07-29,15,2558.5
2026-07-29,16,2524.7
2026-07-29,17,2667.8
2026-07-29,18,1716.0
2026-07-29,19,1895.2
2026-07-29,20,1930.8
2026-07-29,21,869.2
2026-07-29,22,941.3
2026-07-29,23,953.0
2026-07-30,0,384.0
2026-07-30,1,376.9
2026-07-30,2,402.1
2026-07-30,3,412.1
2026-07-30,4,427.2
2026-07-30,5,398.7
2026-07-30,6,997.7
2026-07-30,7,1096.3
2026-07-30,8,2311.3
2026-07-30,9,2471.9
2026-07-30,10,2536.0
2026-07-30,11,2527.2
2026-07-30,12,1323.4
2026-07-30,13,1300.9
2026-07-30,14,2694.9
2026-07-30,15,2535.8
2026-07-30,16,2785.1
2026-07-30,17,2788.1
2026-07-30,18,1915.4
2026-07-30,19,1911.6
2026-07-30,20,1772.0
2026-07-30,21,969.5
2026-07-30,22,929.6
2026-07-30,23,949.8
2026-07-31,0,400.3
2026-07-31,1,424.4
2026-07-31,2,420.6
2026-07-31,3,372.8
2026-07-31,4,398.3
2026-07-31,5,374.2
2026-07-31,6,1098.0
2026-07-31,7,1116.0
2026-07-31,8,2227.6
2026-07-31,9,2237.3
2026-07-31,10,2406.4
2026-07-31,11,2482.2
2026-07-31,12,1262.8
2026-07-31,13,1277.9
2026-07-31,14,2817.7
2026-07-31,15,2486.2
2026-07-31,16,2778.2
2026-07-31,17,2646.8
2026-07-31,18,1766.5
2026-07-31,19,1743.1
2026-07-31,20,1805.2
2026-07-31,21,896.0
2026-07-31,22,888.4
2026-07-31,23,917.3
2026-08-01,0,241.8
2026-08-01,1,246.3
2026-08-01,2,236.1
2026-08-01,3,238.9
2026-08-01,4,221.7
2026-08-01,5,240.6
2026-08-01,6,609.7
2026-08-01,7,547.9
2026-08-01,8,1413.2
2026-08-01,9,1436.7
2026-08-01,10,1320.6
2026-08-01,11,1441.7
2026-08-01,12,723.7
2026-08-01,13,757.4
2026-08-01,14,1572.5
2026-08-01,15,1544.5
2026-08-01,16,1393.3
2026-08-01,17,1513.5
2026-08-01,18,975.6
2026-08-01,19,1108.7
2026-08-01,20,970.9
2026-08-01,21,532.0
2026-08-01,22,541.0
2026-08-01,23,531.6
2026-08-02,0,223.0
2026-08-02,1,219.2
2026-08-02,2,237.5
2026-08-02,3,241.5
2026-08-02,4,234.9
2026-08-02,5,237.6
2026-08-02,6,580.1
2026-08-02,7,562.6
2026-08-02,8,1403.7
2026-08-02,9,1459.2
2026-08-02,10,1371.9
2026-08-02,11,1390.9
2026-08-02,12,759.0
2026-08-02,13,731.1
2026-08-02,14,1446.2
2026-08-02,15,1612.4
2026-08-02,16,1580.7
2026-08-02,17,1468.4
2026-08-02,18,1058.0
2026-08-02,19,1038.5
2026-08-02,20,1043.4
2026-08-02,21,562.0
2026-08-02,22,481.9
2026-08-02,23,515.1
2026-08-03,0,459.0
2026-08-03,1,420.6
2026-08-03,2,444.4
2026-08-03,3,430.5
2026-08-03,4,423.0
2026-08-03,5,408.6
2026-08-03,6,1139.0
2026-08-03,7,1188.4
2026-08-03,8,2545.4
2026-08-03,9,2779.1
2026-08-03,10,2570.2
2026-08-03,11,2689.1
2026-08-03,12,1467.5
2026-08-03,13,1332.6
2026-08-03,14,2697.7
2026-08-03,15,2957.7
2026-08-03,16,2759.2
2026-08-03,17,2970.4
2026-08-03,18,1877.2
2026-08-03,19,1883.5
2026-08-03,20,1979.0
2026-08-03,21,1016.2
2026-08-03,22,951.7
2026-08-03,23,946.5
2026-08-04,0,443.9
2026-08-04,1,412.5
2026-08-04,2,439.7
2026-08-04,3,449.6
2026-08-04,4,408.1
2026-08-04,5,445.9
2026-08-04,6,1181.7
2026-08-04,7,1041.9
2026-08-04,8,2518.8
2026-08-04,9,2485.2
2026-08-04,10,2589.6
2026-08-04,11,2815.4
2026-08-04,12,1283.4
2026-08-04,13,1281.8
2026-08-04,14,2836.1
2026-08-04,15,2914.4
2026-08-04,16,3102.5
2026-08-04,17,2776.6
2026-08-04,18,2137.9
2026-08-04,19,2101.4
2026-08-04,20,1951.4
2026-08-04,21,1025.0
2026-08-04,22,941.6
2026-08-04,23,1059.9
2026-08-05,0,406.8
2026-08-05,1,405.0
2026-08-05,2,421.8
2026-08-05,3,421.5
2026-08-05,4,410.3
2026-08-05,5,412.7
2026-08-05,6,1142.5
2026-08-05,7,1056.3
2026-08-05,8,2739.8
2026-08-05,9,2472.4
2026-08-05,10,2533.5
2026-08-05,11,2542.2
2026-08-05,12,1274.9
2026-08-05,13,1326.8
2026-08-05,14,2842.0
2026-08-05,15,3012.7
2026-08-05,16,3064.9
2026-08-05,17,3096.2
2026-08-05,18,1873.3
2026-08-05,19,1909.7
2026-08-05,20,1901.6
2026-08-05,21,1072.2
2026-08-05,22,951.3
2026-08-05,23,999.6
2026-08-06,0,429.9
2026-08-06,1,468.7
2026-08-06,2,413.1
2026-08-06,3,414.6
2026-08-06,4,403.8
2026-08-06,5,434.6
2026-08-06,6,1113.9
2026-08-06,7,1145.4
2026-08-06,8,2648.1
2026-08-06,9,2501.9
2026-08-06,10,2804.5
2026-08-06,11,2549.3
2026-08-06,12,1411.5
2026-08-06,13,1393.2
2026-08-06,14,3058.6
2026-08-06,15,3072.4
2026-08-06,16,2879.7
2026-08-06,17,3041.7
2026-08-06,18,2018.9
2026-08-06,19,1938.2
2026-08-06,20,1981.1
2026-08-06,21,1053.6
2026-08-06,22,1080.1
2026-08-06,23,1079.2
2026-08-07,0,425.3
2026-08-07,1,429.3
2026-08-07,2,461.5
2026-08-07,3,405.3
2026-08-07,4,426.6
2026-08-07,5,417.2
2026-08-07,6,1174.3
2026-08-07,7,1153.2
2026-08-07,8,2519.0
2026-08-07,9,2524.8
2026-08-07,10,2621.5
2026-08-07,11,2534.8
2026-08-07,12,1350.8
2026-08-07,13,1328.9
2026-08-07,14,2907.7
2026-08-07,15,2910.9
2026-08-07,16,2722.3
2026-08-07,17,2999.9
2026-08-07,18,1960.2
2026-08-07,19,2015.6
2026-08-07,20,1879.3
2026-08-07,21,1036.4
2026-08-07,22,1062.7
2026-08-07,23,1029.7
2026-08-08,0,242.3
2026-08-08,1,225.1
2026-08-08,2,238.9
2026-08-08,3,239.1
2026-08-08,4,235.1
2026-08-08,5,226.0
2026-08-08,6,610.2
2026-08-08,7,616.8
2026-08-08,8,1393.7
2026-08-08,9,1369.7
2026-08-08,10,1395.7
2026-08-08,11,1319.2
2026-08-08,12,692.4
2026-08-08,13,753.3
2026-08-08,14,1428.6
2026-08-08,15,1445.4
2026-08-08,16,1610.2
2026-08-08,17,1433.5
2026-08-08,18,1107.7
2026-08-08,19,1024.3
2026-08-08,20,1037.3
2026-08-08,21,545.5
2026-08-08,22,561.8
2026-08-08,23,540.8
2026-08-09,0,212.7
2026-08-09,1,234.8
2026-08-09,2,214.8
2026-08-09,3,220.1
2026-08-09,4,213.7
2026-08-09,5,225.4
2026-08-09,6,548.6
2026-08-09,7,561.2
2026-08-09,8,1304.2
2026-08-09,9,1447.1
2026-08-09,10,1295.7
2026-08-09,11,1306.5
2026-08-09,12,756.4
2026-08-09,13,725.7
2026-08-09,14,1509.6
2026-08-09,15,1562.4
2026-08-09,16,1491.2
2026-08-09,17,1458.5
2026-08-09,18,969.4
2026-08-09,19,1006.0
2026-08-09,20,1102.0
2026-08-09,21,562.3
2026-08-09,22,519.8
2026-08-09,23,484.0
2026-08-10,0,404.0
2026-08-10,1,418.5
2026-08-10,2,413.6
2026-08-10,3,462.0
2026-08-10,4,429.8
2026-08-10,5,421.0
2026-08-10,6,1048.0
2026-08-10,7,1130.3
2026-08-10,8,2575.1
2026-08-10,9,2751.9
2026-08-10,10,2785.4
2026-08-10,11,2670.2
2026-08-10,12,1406.1
2026-08-10,13,1417.4
2026-08-10,14,3036.1
2026-08-10,15,2810.5
2026-08-10,16,2709.2
2026-08-10,17,2808.5
2026-08-10,18,2091.1
2026-08-10,19,1956.7
2026-08-10,20,2069.2
2026-08-10,21,924.3
2026-08-10,22,974.1
2026-08-10,23,984.3
2026-08-11,0,449.5
2026-08-11,1,445.9
2026-08-11,2,432.8
2026-08-11,3,416.7
2026-08-11,4,410.8
2026-08-11,5,435.3
2026-08-11,6,1088.9
2026-08-11,7,1159.4
2026-08-11,8,2747.0
2026-08-11,9,2728.9
2026-08-11,10,2554.0
2026-08-11,11,2744.2
2026-08-11,12,1375.2
2026-08-11,13,1339.2
2026-08-11,14,2680.4
2026-08-11,15,2962.2
2026-08-11,16,3023.5
2026-08-11,17,2917.8
2026-08-11,18,2034.9
2026-08-11,19,1896.9
2026-08-11,20,1888.6
2026-08-11,21,965.0
2026-08-11,22,988.6
2026-08-11,23,1024.6
2026-08-12,0,425.7
2026-08-12,1,405.5
2026-08-12,2,411.8
2026-08-12,3,404.4
2026-08-12,4,433.9
2026-08-12,5,417.7
2026-08-12,6,1097.2
2026-08-12,7,1075.6
2026-08-12,8,2657.8
2026-08-12,9,2606.1
2026-08-12,10,2692.1
2026-08-12,11,2639.9
2026-08-12,12,1337.2
2026-08-12,13,1304.2
2026-08-12,14,3012.6
2026-08-12,15,2866.8
2026-08-12,16,2824.2
2026-08-12,17,2703.1
2026-08-12,18,2165.7
2026-08-12,19,1859.6
2026-08-12,20,2087.2
2026-08-12,21,982.3
2026-08-12,22,980.0
2026-08-12,23,961.1
2026-08-13,0,454.7
2026-08-13,1,427.6
2026-08-13,2,444.8
2026-08-13,3,451.1
2026-08-13,4,424.7
2026-08-13,5,420.3
2026-08-13,6,1069.9
2026-08-13,7,1191.9
2026-08-13,8,2609.3
2026-08-13,9,2554.2
2026-08-13,10,2505.5
2026-08-13,11,2452.5
2026-08-13,12,1272.7
2026-08-13,13,1384.7
2026-08-13,14,2898.3
2026-08-13,15,2764.4
2026-08-13,16,2891.8
2026-08-13,17,2767.9
2026-08-13,18,2081.1
2026-08-13,19,2096.7
2026-08-13,20,2017.4
2026-08-13,21,1063.4
2026-08-13,22,987.0
2026-08-13,23,938.1
2026-08-14,0,467.8
2026-08-14,1,434.3
2026-08-14,2,455.4
2026-08-14,3,422.1
2026-08-14,4,464.9
2026-08-14,5,459.0
2026-08-14,6,1129.8
2026-08-14,7,1108.3
2026-08-14,8,2578.9
2026-08-14,9,2660.3
2026-08-14,10,2546.3
2026-08-14,11,2508.8
2026-08-14,12,1340.9
2026-08-14,13,1442.2
2026-08-14,14,2791.9
2026-08-14,15,2704.5
2026-08-14,16,2923.2
2026-08-14,17,2747.9
2026-08-14,18,2036.6
2026-08-14,19,1935.1
2026-08-14,20,2133.2
2026-08-14,21,1052.7
2026-08-14,22,1040.9
2026-08-14,23,1022.5
2026-08-15,0,214.5
2026-08-15,1,214.5
2026-08-15,2,220.5
2026-08-15,3,234.7
2026-08-15,4,218.1
2026-08-15,5,242.0
2026-08-15,6,604.6
2026-08-15,7,615.3
2026-08-15,8,1396.3
2026-08-15,9,1454.7
2026-08-15,10,1348.7
2026-08-15,11,1336.5
2026-08-15,12,766.5
2026-08-15,13,752.1
2026-08-15,14,1476.4
2026-08-15,15,1455.8
2026-08-15,16,1565.7
2026-08-15,17,1498.5
2026-08-15,18,1028.1
2026-08-15,19,1057.7
2026-08-15,20,961.0
2026-08-15,21,491.9
2026-08-15,22,487.4
2026-08-15,23,530.0
2026-08-16,0,225.4
2026-08-16,1,215.3
2026-08-16,2,241.1
2026-08-16,3,231.1
2026-08-16,4,234.3
2026-08-16,5,213.7
2026-08-16,6,625.4
2026-08-16,7,608.0
2026-08-16,8,1449.1
2026-08-16,9,1365.6
2026-08-16,10,1466.1
2026-08-16,11,1327.7
2026-08-16,12,731.5
2026-08-16,13,762.1
2026-08-16,14,1502.6
2026-08-16,15,1475.6
2026-08-16,16,1505.8
2026-08-16,17,1468.2
2026-08-16,18,1076.5
2026-08-16,19,1000.2
2026-08-16,20,1008.6
2026-08-16,21,520.5
2026-08-16,22,539.9
2026-08-16,23,543.4
2026-08-17,0,441.7
2026-08-17,1,455.0
2026-08-17,2,441.0
2026-08-17,3,415.9
2026-08-17,4,419.3
2026-08-17,5,446.3
2026-08-17,6,1159.9
2026-08-17,7,1075.3
2026-08-17,8,2494.3
2026-08-17,9,2836.1
2026-08-17,10,2458.3
2026-08-17,11,2838.6
2026-08-17,12,1411.6
2026-08-17,13,1297.8
2026-08-17,14,2975.1
2026-08-17,15,2914.1
2026-08-17,16,2803.1
2026-08-17,17,2717.4
2026-08-17,18,1922.6
2026-08-17,19,2149.8
2026-08-17,20,2000.9
2026-08-17,21,928.4
2026-08-17,22,1074.0
2026-08-17,23,1063.5
2026-08-18,0,438.9
2026-08-18,1,437.2
2026-08-18,2,467.7
2026-08-18,3,433.3
2026-08-18,4,413.6
2026-08-18,5,428.8
2026-08-18,6,1165.2
2026-08-18,7,1157.6
2026-08-18,8,2564.2
2026-08-18,9,2836.2
2026-08-18,10,2741.0
2026-08-18,11,2597.5
2026-08-18,12,1351.1
2026-08-18,13,1290.1
2026-08-18,14,2952.3
2026-08-18,15,2687.8
2026-08-18,16,2830.2
2026-08-18,17,2893.5
2026-08-18,18,1854.2
2026-08-18,19,1920.9
2026-08-18,20,1971.8
2026-08-18,21,1025.0
2026-08-18,22,1056.1
2026-08-18,23,1062.9
2026-08-19,0,421.3
2026-08-19,1,448.5
2026-08-19,2,470.4
2026-08-19,3,413.5
2026-08-19,4,433.6
2026-08-19,5,412.1
2026-08-19,6,1106.0
2026-08-19,7,1062.7
2026-08-19,8,2621.3
2026-08-19,9,2517.0
2026-08-19,10,2763.6
2026-08-19,11,2446.9
2026-08-19,12,1275.8
2026-08-19,13,1339.0
2026-08-19,14,3029.8
2026-08-19,15,2953.2
2026-08-19,16,2773.1
2026-08-19,17,3076.7
2026-08-19,18,2018.3
2026-08-19,19,2084.6
2026-08-19,20,2034.6
2026-08-19,21,1044.9
2026-08-19,22,981.1
2026-08-19,23,1045.1
2026-08-20,0,456.3
2026-08-20,1,424.6
2026-08-20,2,416.5
2026-08-20,3,429.8
2026-08-20,4,428.8
2026-08-20,5,468.5
2026-08-20,6,1048.8
2026-08-20,7,1212.1
2026-08-20,8,2790.1
2026-08-20,9,2558.2
2026-08-20,10,2820.1
2026-08-20,11,2578.2
2026-08-20,12,1465.4
2026-08-20,13,1406.9
2026-08-20,14,2926.1
2026-08-20,15,2809.8
2026-08-20,16,3073.4
2026-08-20,17,2905.2
2026-08-20,18,1866.1
2026-08-20,19,2048.3
2026-08-20,20,1851.8
2026-08-20,21,972.4
2026-08-20,22,931.0
2026-08-20,23,1024.5
2026-08-21,0,404.2
2026-08-21,1,439.2
2026-08-21,2,423.4
2026-08-21,3,454.8
2026-08-21,4,446.7
2026-08-21,5,436.0
2026-08-21,6,1144.0
2026-08-21,7,1046.8
2026-08-21,8,2473.7
2026-08-21,9,2647.9
2026-08-21,10,2452.7
2026-08-21,11,2715.1
2026-08-21,12,1279.8
2026-08-21,13,1415.3
2026-08-21,14,3052.3
2026-08-21,15,2746.7
2026-08-21,16,2938.5
2026-08-21,17,3029.7
2026-08-21,18,1943.7
2026-08-21,19,1883.2
2026-08-21,20,1910.0
2026-08-21,21,950.7
2026-08-21,22,924.6
2026-08-21,23,1060.2
2026-08-22,0,236.2
2026-08-22,1,223.2
2026-08-22,2,232.5
2026-08-22,3,237.6
2026-08-22,4,225.2
2026-08-22,5,213.1
2026-08-22,6,579.0
2026-08-22,7,595.6
2026-08-22,8,1340.4
2026-08-22,9,1295.4
2026-08-22,10,1293.9
2026-08-22,11,1354.2
2026-08-22,12,724.8
2026-08-22,13,705.2
2026-08-22,14,1471.9
2026-08-22,15,1511.1
2026-08-22,16,1484.9
2026-08-22,17,1515.1
2026-08-22,18,982.9
2026-08-22,19,1043.9
2026-08-22,20,989.1
2026-08-22,21,551.9
2026-08-22,22,524.8
2026-08-22,23,561.9
2026-08-23,0,223.8
2026-08-23,1,224.9
2026-08-23,2,219.8
2026-08-23,3,241.1
2026-08-23,4,246.2
2026-08-23,5,230.4
2026-08-23,6,589.8
2026-08-23,7,587.8
2026-08-23,8,1335.7
2026-08-23,9,1346.4
2026-08-23,10,1444.8
2026-08-23,11,1378.2
2026-08-23,12,726.7
2026-08-23,13,752.8
2026-08-23,14,1584.4
2026-08-23,15,1429.8
2026-08-23,16,1530.2
2026-08-23,17,1471.7
2026-08-23,18,1014.4
2026-08-23,19,1070.7
2026-08-23,20,1053.2
2026-08-23,21,556.9
2026-08-23,22,555.8
2026-08-23,23,493.0
2026-08-24,0,409.3
2026-08-24,1,429.5
2026-08-24,2,473.6
2026-08-24,3,430.2
2026-08-24,4,434.7
2026-08-24,5,420.0
2026-08-24,6,1129.9
2026-08-24,7,1080.8
2026-08-24,8,2547.1
2026-08-24,9,2453.6
2026-08-24,10,2598.9
2026-08-24,11,2599.5
2026-08-24,12,1467.8
2026-08-24,13,1374.9
2026-08-24,14,2930.6
2026-08-24,15,3012.8
2026-08-24,16,3049.5
2026-08-24,17,2694.1
2026-08-24,18,2076.3
2026-08-24,19,1849.4
2026-08-24,20,1874.6
2026-08-24,21,1055.8
2026-08-24,22,944.0
2026-08-24,23,1017.1
2026-08-25,0,460.8
2026-08-25,1,425.3
2026-08-25,2,463.2
2026-08-25,3,440.3
2026-08-25,4,449.5
2026-08-25,5,456.1
2026-08-25,6,1188.6
2026-08-25,7,1057.3
2026-08-25,8,2754.6
2026-08-25,9,2714.6
2026-08-25,10,2577.9
2026-08-25,11,2690.5
2026-08-25,12,1396.6
2026-08-25,13,1390.1
2026-08-25,14,2875.1
2026-08-25,15,2851.9
2026-08-25,16,2675.8
2026-08-25,17,2857.9
2026-08-25,18,2099.1
2026-08-25,19,2115.3
2026-08-25,20,1931.3
2026-08-25,21,966.5
2026-08-25,22,944.6
2026-08-25,23,929.5
2026-08-26,0,422.1
2026-08-26,1,447.8
2026-08-26,2,451.2
2026-08-26,3,428.7
2026-08-26,4,445.5
2026-08-26,5,448.7
2026-08-26,6,1078.4
2026-08-26,7,1129.0
2026-08-26,8,2560.9
2026-08-26,9,2685.7
2026-08-26,10,2718.0
2026-08-26,11,2828.2
2026-08-26,12,1402.6
2026-08-26,13,1277.1
2026-08-26,14,2735.7
2026-08-26,15,2986.4
2026-08-26,16,3110.7
2026-08-26,17,3023.8
2026-08-26,18,1914.4
2026-08-26,19,1902.2
2026-08-26,20,1871.8
2026-08-26,21,997.9
2026-08-26,22,983.9
2026-08-26,23,1069.2
2026-08-27,0,450.6
2026-08-27,1,467.9
2026-08-27,2,422.9
2026-08-27,3,431.6
2026-08-27,4,433.9
2026-08-27,5,455.2
2026-08-27,6,1051.2
2026-08-27,7,1172.4
2026-08-27,8,2517.2
2026-08-27,9,2691.6
2026-08-27,10,2614.1
2026-08-27,11,2716.4
2026-08-27,12,1378.9
2026-08-27,13,1412.3
2026-08-27,14,2946.2
2026-08-27,15,2734.3
2026-08-27,16,2996.3
2026-08-27,17,2940.2
2026-08-27,18,2116.7
2026-08-27,19,2043.4
2026-08-27,20,2011.6
2026-08-27,21,995.5
2026-08-27,22,977.4
2026-08-27,23,1045.6
2026-08-28,0,441.0
2026-08-28,1,452.0
2026-08-28,2,414.2
2026-08-28,3,448.5
2026-08-28,4,406.6
2026-08-28,5,442.2
2026-08-28,6,1149.4
2026-08-28,7,1164.1
2026-08-28,8,2471.7
2026-08-28,9,2798.6
2026-08-28,10,2451.5
2026-08-28,11,2577.8
2026-08-28,12,1300.0
2026-08-28,13,1403.9
2026-08-28,14,2990.0
2026-08-28,15,3105.7
2026-08-28,16,3096.5
2026-08-28,17,2740.4
2026-08-28,18,1925.1
2026-08-28,19,2081.1
2026-08-28,20,1947.1
2026-08-28,21,942.6
2026-08-28,22,929.4
2026-08-28,23,1035.4
2026-08-29,0,236.8
2026-08-29,1,233.9
2026-08-29,2,236.5
2026-08-29,3,234.5
2026-08-29,4,220.9
2026-08-29,5,218.9
2026-08-29,6,564.5
2026-08-29,7,558.9
2026-08-29,8,1395.5
2026-08-29,9,1337.5
2026-08-29,10,1378.4
2026-08-29,11,1416.7
2026-08-29,12,761.1
2026-08-29,13,704.5
2026-08-29,14,1465.9
2026-08-29,15,1570.7
2026-08-29,16,1571.6
2026-08-29,17,1583.7
2026-08-29,18,1006.1
2026-08-29,19,962.7
2026-08-29,20,1026.4
2026-08-29,21,548.3
2026-08-29,22,558.7
2026-08-29,23,535.7
2026-08-30,0,246.0
2026-08-30,1,239.4
2026-08-30,2,220.2
2026-08-30,3,232.6
2026-08-30,4,245.2
2026-08-30,5,245.2
2026-08-30,6,588.5
2026-08-30,7,609.5
2026-08-30,8,1411.9
2026-08-30,9,1395.2
2026-08-30,10,1355.6
2026-08-30,11,1279.5
2026-08-30,12,704.7
2026-08-30,13,701.0
2026-08-30,14,1406.7
2026-08-30,15,1399.6
2026-08-30,16,1594.5
2026-08-30,17,1585.3
2026-08-30,18,976.5
2026-08-30,19,1049.6
2026-08-30,20,1120.5
2026-08-30,21,558.5
2026-08-30,22,499.5
2026-08-30,23,510.5
2026-08-31,0,449.8
2026-08-31,1,408.3
2026-08-31,2,423.3
2026-08-31,3,421.5
2026-08-31,4,467.3
2026-08-31,5,443.1
2026-08-31,6,1078.0
2026-08-31,7,1192.6
2026-08-31,8,2552.2
2026-08-31,9,2725.7
2026-08-31,10,2675.8
2026-08-31,11,2700.0
2026-08-31,12,1313.8
2026-08-31,13,1329.1
2026-08-31,14,3051.5
2026-08-31,15,2856.7
2026-08-31,16,2761.5
2026-08-31,17,2847.8
2026-08-31,18,1920.1
2026-08-31,19,1852.5
2026-08-31,20,2017.7
2026-08-31,21,983.6
2026-08-31,22,1023.9
2026-08-31,23,1030.0
2026-09-01,0,448.1
2026-09-01,1,459.8
2026-09-01,2,443.9
2026-09-01,3,465.8
2026-09-01,4,490.8
2026-09-01,5,440.3
2026-09-01,6,1273.4
2026-09-01,7,1199.2
2026-09-01,8,2893.0
2026-09-01,9,2669.3
2026-09-01,10,2726.6
2026-09-01,11,2789.7
2026-09-01,12,1574.6
2026-09-01,13,1365.9
2026-09-01,14,2977.7
2026-09-01,15,3179.7
2026-09-01,16,3198.1
2026-09-01,17,3110.7
2026-09-01,18,2259.9
2026-09-01,19,1975.9
2026-09-01,20,2175.6
2026-09-01,21,1011.5
2026-09-01,22,1118.3
2026-09-01,23,1034.5
2026-09-02,0,445.8
2026-09-02,1,486.1
2026-09-02,2,437.4
2026-09-02,3,462.4
2026-09-02,4,492.8
2026-09-02,5,452.5
2026-09-02,6,1178.8
2026-09-02,7,1277.1
2026-09-02,8,2773.1
2026-09-02,9,2749.9
2026-09-02,10,2822.3
2026-09-02,11,2974.7
2026-09-02,12,1363.8
2026-09-02,13,1573.3
2026-09-02,14,3145.5
2026-09-02,15,3073.7
2026-09-02,16,2901.4
2026-09-02,17,3171.2
2026-09-02,18,2084.8
2026-09-02,19,2209.0
2026-09-02,20,2209.1
2026-09-02,21,1034.9
2026-09-02,22,995.1
2026-09-02,23,1131.2
2026-09-03,0,474.2
2026-09-03,1,443.5
2026-09-03,2,441.9
2026-09-03,3,488.5
2026-09-03,4,494.1
2026-09-03,5,481.0
2026-09-03,6,1202.5
2026-09-03,7,1266.0
2026-09-03,8,2647.4
2026-09-03,9,2723.1
2026-09-03,10,2592.1
2026-09-03,11,2918.6
2026-09-03,12,1498.8
2026-09-03,13,1402.8
2026-09-03,14,2855.9
2026-09-03,15,3191.3
2026-09-03,16,3244.1
2026-09-03,17,3108.6
2026-09-03,18,2027.7
2026-09-03,19,2006.8
2026-09-03,20,2118.9
2026-09-03,21,983.7
2026-09-03,22,1042.5
2026-09-03,23,1047.2
2026-09-04,0,448.7
2026-09-04,1,488.7
2026-09-04,2,439.0
2026-09-04,3,473.9
2026-09-04,4,432.8
2026-09-04,5,501.9
2026-09-04,6,1271.3
2026-09-04,7,1113.6
2026-09-04,8,2751.2
2026-09-04,9,2715.0
2026-09-04,10,2814.1
2026-09-04,11,2618.6
2026-09-04,12,1444.4
2026-09-04,13,1525.8
2026-09-04,14,2960.1
2026-09-04,15,2911.7
2026-09-04,16,2993.6
2026-09-04,17,3041.0
2026-09-04,18,2277.3
2026-09-04,19,2268.8
2026-09-04,20,1970.8
2026-09-04,21,1063.0
2026-09-04,22,981.9
2026-09-04,23,1058.5
2026-09-05,0,248.3
2026-09-05,1,237.2
2026-09-05,2,258.4
2026-09-05,3,226.7
2026-09-05,4,243.5
2026-09-05,5,239.2
2026-09-05,6,615.3
2026-09-05,7,653.9
2026-09-05,8,1421.2
2026-09-05,9,1554.4
2026-09-05,10,1415.6
2026-09-05,11,1375.9
2026-09-05,12,820.6
2026-09-05,13,802.2
2026-09-05,14,1609.2
2026-09-05,15,1639.5
2026-09-05,16,1579.4
2026-09-05,17,1666.4
2026-09-05,18,1028.7
2026-09-05,19,1098.2
2026-09-05,20,1093.2
2026-09-05,21,542.1
2026-09-05,22,561.4
2026-09-05,23,517.0
2026-09-06,0,228.8
2026-09-06,1,234.5
2026-09-06,2,229.6
2026-09-06,3,252.7
2026-09-06,4,222.8
2026-09-06,5,223.1
2026-09-06,6,645.5
2026-09-06,7,655.1
2026-09-06,8,1359.1
2026-09-06,9,1405.1
2026-09-06,10,1475.6
2026-09-06,11,1559.4
2026-09-06,12,804.5
2026-09-06,13,749.2
2026-09-06,14,1622.8
2026-09-06,15,1495.4
2026-09-06,16,1511.4
2026-09-06,17,1599.6
2026-09-06,18,1121.5
2026-09-06,19,1144.0
2026-09-06,20,1161.2
2026-09-06,21,547.8
2026-09-06,22,567.4
2026-09-06,23,596.1
2026-09-07,0,473.1
2026-09-07,1,488.5
2026-09-07,2,468.4
2026-09-07,3,463.6
2026-09-07,4,460.2
2026-09-07,5,457.7
2026-09-07,6,1241.1
2026-09-07,7,1283.3
2026-09-07,8,2932.4
2026-09-07,9,2701.6
2026-09-07,10,2841.7
2026-09-07,11,2865.5
2026-09-07,12,1578.7
2026-09-07,13,1429.2
2026-09-07,14,3011.7
2026-09-07,15,3158.6
2026-09-07,16,3103.8
2026-09-07,17,3209.7
2026-09-07,18,2267.6
2026-09-07,19,2181.5
2026-09-07,20,2262.0
2026-09-07,21,1055.2
2026-09-07,22,1136.7
2026-09-07,23,1081.2
2026-09-08,0,484.1
2026-09-08,1,490.3
2026-09-08,2,461.0
2026-09-08,3,489.4
2026-09-08,4,497.3
2026-09-08,5,486.7
2026-09-08,6,1118.1
2026-09-08,7,1166.3
2026-09-08,8,2968.8
2026-09-08,9,2986.4
2026-09-08,10,2741.2
2026-09-08,11,2732.3
2026-09-08,12,1423.9
2026-09-08,13,1462.7
2026-09-08,14,3036.9
2026-09-08,15,3290.9
2026-09-08,16,3292.1
2026-09-08,17,3010.3
2026-09-08,18,2032.1
2026-09-08,19,2205.5
2026-09-08,20,2139.6
2026-09-08,21,1121.6
2026-09-08,22,1079.0
2026-09-08,23,1097.8
2026-09-09,0,470.7
2026-09-09,1,456.3
2026-09-09,2,457.1
2026-09-09,3,432.6
2026-09-09,4,493.0
2026-09-09,5,434.0
2026-09-09,6,1171.2
2026-09-09,7,1270.5
2026-09-09,8,2905.4
2026-09-09,9,2707.0
2026-09-09,10,2837.5
2026-09-09,11,2707.0
2026-09-09,12,1356.5
2026-09-09,13,1395.4
2026-09-09,14,2926.9
2026-09-09,15,3226.0
2026-09-09,16,3193.6
2026-09-09,17,3273.8
2026-09-09,18,1993.3
2026-09-09,19,2180.8
2026-09-09,20,2095.4
2026-09-09,21,1110.4
2026-09-09,22,990.5
2026-09-09,23,981.8
2026-09-10,0,497.2
2026-09-10,1,444.7
2026-09-10,2,475.0
2026-09-10,3,467.3
2026-09-10,4,480.7
2026-09-10,5,436.6
2026-09-10,6,1223.5
2026-09-10,7,1276.5
2026-09-10,8,2854.0
2026-09-10,9,3013.0
2026-09-10,10,2602.1
2026-09-10,11,2994.4
2026-09-10,12,1523.7
2026-09-10,13,1419.6
2026-09-10,14,3051.5
2026-09-10,15,3276.8
2026-09-10,16,3295.6
2026-09-10,17,3007.4
2026-09-10,18,2105.8
2026-09-10,19,2085.8
2026-09-10,20,2134.3
2026-09-10,21,1059.5
2026-09-10,22,1092.9
2026-09-10,23,1102.9
2026-09-11,0,435.1
2026-09-11,1,494.2
2026-09-11,2,450.4
2026-09-11,3,464.4
2026-09-11,4,440.7
2026-09-11,5,439.2
2026-09-11,6,1120.3
2026-09-11,7,1173.2
2026-09-11,8,2772.6
2026-09-11,9,2955.2
2026-09-11,10,2669.8
2026-09-11,11,2937.0
2026-09-11,12,1434.8
2026-09-11,13,1512.7
2026-09-11,14,2931.7
2026-09-11,15,2831.2
2026-09-11,16,3269.9
2026-09-11,17,3086.1
2026-09-11,18,2290.1
2026-09-11,19,2228.2
2026-09-11,20,2234.6
2026-09-11,21,1067.9
2026-09-11,22,1006.0
2026-09-11,23,1062.9
2026-09-12,0,227.5
2026-09-12,1,257.9
2026-09-12,2,245.2
2026-09-12,3,250.4
2026-09-12,4,238.9
2026-09-12,5,225.1
2026-09-12,6,575.6
2026-09-12,7,622.3
2026-09-12,8,1502.1
2026-09-12,9,1364.0
2026-09-12,10,1489.6
2026-09-12,11,1395.1
2026-09-12,12,708.0
2026-09-12,13,765.9
2026-09-12,14,1649.4
2026-09-12,15,1666.0
2026-09-12,16,1612.9
2026-09-12,17,1715.8
2026-09-12,18,1084.8
2026-09-12,19,1110.0
2026-09-12,20,1134.9
2026-09-12,21,547.2
2026-09-12,22,595.2
2026-09-12,23,580.2
2026-09-13,0,245.3
2026-09-13,1,238.0
2026-09-13,2,254.5
2026-09-13,3,247.4
2026-09-13,4,251.1
2026-09-13,5,230.9
2026-09-13,6,589.8
2026-09-13,7,615.7
2026-09-13,8,1424.0
2026-09-13,9,1492.9
2026-09-13,10,1462.2
2026-09-13,11,1455.4
2026-09-13,12,773.0
2026-09-13,13,733.9
2026-09-13,14,1630.2
2026-09-13,15,1478.8
2026-09-13,16,1490.4
2026-09-13,17,1656.6
2026-09-13,18,1157.3
2026-09-13,19,1077.5
2026-09-13,20,1060.1
2026-09-13,21,513.9
2026-09-13,22,533.2
2026-09-13,23,594.4
2026-09-14,0,490.9
2026-09-14,1,445.6
2026-09-14,2,465.9
2026-09-14,3,499.4
2026-09-14,4,475.3
2026-09-14,5,447.0
2026-09-14,6,1202.6
2026-09-14,7,1151.1
2026-09-14,8,2618.9
2026-09-14,9,2857.6
2026-09-14,10,2576.4
2026-09-14,11,2635.5
2026-09-14,12,1434.2
2026-09-14,13,1532.5
2026-09-14,14,2952.3
2026-09-14,15,2933.4
2026-09-14,16,2905.2
2026-09-14,17,2932.0
2026-09-14,18,2132.1
2026-09-14,19,2262.4
2026-09-14,20,1966.7
2026-09-14,21,1031.9
2026-09-14,22,1056.8
2026-09-14,23,1023.4
2026-09-15,0,474.7
2026-09-15,1,484.4
2026-09-15,2,435.0
2026-09-15,3,455.9
2026-09-15,4,459.6
2026-09-15,5,473.6
2026-09-15,6,1214.2
2026-09-15,7,1221.7
2026-09-15,8,2800.2
2026-09-15,9,2780.4
2026-09-15,10,2987.3
2026-09-15,11,2867.2
2026-09-15,12,1380.4
2026-09-15,13,1375.2
2026-09-15,14,3195.6
2026-09-15,15,2912.2
2026-09-15,16,3210.5
2026-09-15,17,3219.8
2026-09-15,18,2218.8
2026-09-15,19,2294.4
2026-09-15,20,2025.5
2026-09-15,21,1046.6
2026-09-15,22,1071.3
2026-09-15,23,1102.0
2026-09-16,0,467.8
2026-09-16,1,464.0
2026-09-16,2,483.5
2026-09-16,3,448.7
2026-09-16,4,460.9
2026-09-16,5,487.8
2026-09-16,6,1259.6
2026-09-16,7,1116.8
2026-09-16,8,2735.6
2026-09-16,9,2991.6
2026-09-16,10,2693.8
2026-09-16,11,2934.2
2026-09-16,12,1377.9
2026-09-16,13,1378.0
2026-09-16,14,2979.6
2026-09-16,15,2823.3
2026-09-16,16,3127.0
2026-09-16,17,3025.3
2026-09-16,18,2202.1
2026-09-16,19,2243.4
2026-09-16,20,2245.9
2026-09-16,21,1001.7
2026-09-16,22,1077.3
2026-09-16,23,1043.2
2026-09-17,0,456.1
2026-09-17,1,448.8
2026-09-17,2,442.9
2026-09-17,3,488.4
2026-09-17,4,456.1
2026-09-17,5,464.3
2026-09-17,6,1231.4
2026-09-17,7,1247.2
2026-09-17,8,2818.4
2026-09-17,9,2676.8
2026-09-17,10,2648.5
2026-09-17,11,2794.5
2026-09-17,12,1543.4
2026-09-17,13,1352.2
2026-09-17,14,3208.7
2026-09-17,15,3173.1
2026-09-17,16,3076.3
2026-09-17,17,2911.0
2026-09-17,18,2164.5
2026-09-17,19,2277.5
2026-09-17,20,2003.3
2026-09-17,21,1067.2
2026-09-17,22,1125.0
2026-09-17,23,1096.6
2026-09-18,0,443.3
2026-09-18,1,482.0
2026-09-18,2,465.2
2026-09-18,3,483.7
2026-09-18,4,441.0
2026-09-18,5,443.0
2026-09-18,6,1283.9
2026-09-18,7,1164.1
2026-09-18,8,2983.8
2026-09-18,9,2681.4
2026-09-18,10,2975.4
2026-09-18,11,2956.6
2026-09-18,12,1435.6
2026-09-18,13,1395.1
2026-09-18,14,3227.8
2026-09-18,15,2979.6
2026-09-18,16,2821.0
2026-09-18,17,3273.9
2026-09-18,18,2180.8
2026-09-18,19,2222.4
2026-09-18,20,2174.6
2026-09-18,21,1071.1
2026-09-18,22,1107.3
2026-09-18,23,1095.3
2026-09-19,0,223.6
2026-09-19,1,249.1
2026-09-19,2,246.7
2026-09-19,3,242.3
2026-09-19,4,241.0
2026-09-19,5,257.5
2026-09-19,6,626.5
2026-09-19,7,600.4
2026-09-19,8,1522.9
2026-09-19,9,1339.0
2026-09-19,10,1415.6
2026-09-19,11,1516.0
2026-09-19,12,771.4
2026-09-19,13,785.1
2026-09-19,14,1687.1
2026-09-19,15,1551.8
2026-09-19,16,1506.1
2026-09-19,17,1644.6
2026-09-19,18,1028.7
2026-09-19,19,1031.2
2026-09-19,20,1135.2
2026-09-19,21,514.5
2026-09-19,22,526.5
2026-09-19,23,531.2
2026-09-20,0,238.3
2026-09-20,1,228.5
2026-09-20,2,230.6
2026-09-20,3,246.5
2026-09-20,4,232.3
2026-09-20,5,224.1
2026-09-20,6,627.0
2026-09-20,7,577.3
2026-09-20,8,1368.1
2026-09-20,9,1542.1
2026-09-20,10,1472.9
2026-09-20,11,1414.9
2026-09-20,12,795.5
2026-09-20,13,710.6
2026-09-20,14,1497.0
2026-09-20,15,1516.6
2026-09-20,16,1499.4
2026-09-20,17,1503.9
2026-09-20,18,1115.3
2026-09-20,19,1157.2
2026-09-20,20,1114.8
2026-09-20,21,568.9
2026-09-20,22,587.2
2026-09-20,23,540.8
2026-09-21,0,465.8
2026-09-21,1,449.6
2026-09-21,2,451.7
2026-09-21,3,482.5
2026-09-21,4,428.7
2026-09-21,5,475.1
2026-09-21,6,1213.6
2026-09-21,7,1239.4
2026-09-21,8,2826.6
2026-09-21,9,2620.0
2026-09-21,10,2888.3
2026-09-21,11,3002.1
2026-09-21,12,1545.1
2026-09-21,13,1350.2
2026-09-21,14,2863.9
2026-09-21,15,2955.4
2026-09-21,16,2848.2
2026-09-21,17,3015.5
2026-09-21,18,2276.1
2026-09-21,19,2282.2
2026-09-21,20,2077.5
2026-09-21,21,1047.2
2026-09-21,22,1086.1
2026-09-21,23,1062.9
2026-09-22,0,459.8
2026-09-22,1,432.6
2026-09-22,2,490.4
2026-09-22,3,458.4
2026-09-22,4,450.2
2026-09-22,5,444.5
2026-09-22,6,1159.9
2026-09-22,7,1224.0
2026-09-22,8,2846.2
2026-09-22,9,2907.8
2026-09-22,10,2981.3
2026-09-22,11,2894.3
2026-09-22,12,1371.6
2026-09-22,13,1384.8
2026-09-22,14,2932.5
2026-09-22,15,2993.1
2026-09-22,16,2853.6
2026-09-22,17,3176.7
2026-09-22,18,2259.9
2026-09-22,19,2028.1
2026-09-22,20,2285.1
2026-09-22,21,993.6
2026-09-22,22,1045.6
2026-09-22,23,1090.4
2026-09-23,0,464.8
2026-09-23,1,434.7
2026-09-23,2,436.1
2026-09-23,3,494.9
2026-09-23,4,472.9
2026-09-23,5,475.6
2026-09-23,6,1227.5
2026-09-23,7,1135.0
2026-09-23,8,2912.2
2026-09-23,9,2831.3
2026-09-23,10,2892.2
2026-09-23,11,2892.5
2026-09-23,12,1376.1
2026-09-23,13,1377.8
2026-09-23,14,2902.1
2026-09-23,15,2987.7
2026-09-23,16,2936.9
2026-09-23,17,3287.6
2026-09-23,18,2194.1
2026-09-23,19,2098.3
2026-09-23,20,2236.2
2026-09-23,21,1123.3
2026-09-23,22,985.9
2026-09-23,23,1043.1
2026-09-24,0,442.3
2026-09-24,1,476.0
2026-09-24,2,475.1
2026-09-24,3,463.0
2026-09-24,4,433.5
2026-09-24,5,484.1
2026-09-24,6,1224.6
2026-09-24,7,1207.2
2026-09-24,8,2771.8
2026-09-24,9,2681.2
2026-09-24,10,2934.9
2026-09-24,11,2927.4
2026-09-24,12,1370.0
2026-09-24,13,1572.0
2026-09-24,14,2907.1
2026-09-24,15,3038.7
2026-09-24,16,3087.5
2026-09-24,17,3083.1
2026-09-24,18,2059.5
2026-09-24,19,2203.7
2026-09-24,20,2153.2
2026-09-24,21,1131.0
2026-09-24,22,1076.0
2026-09-24,23,1019.6
2026-09-25,0,499.1
2026-09-25,1,476.3
2026-09-25,2,497.3
2026-09-25,3,442.3
2026-09-25,4,495.3
2026-09-25,5,435.9
2026-09-25,6,1202.2
2026-09-25,7,1190.9
2026-09-25,8,2805.6
2026-09-25,9,2670.2
2026-09-25,10,2635.1
2026-09-25,11,2653.3
2026-09-25,12,1349.3
2026-09-25,13,1350.8
2026-09-25,14,3211.3
2026-09-25,15,2986.5
2026-09-25,16,2991.8
2026-09-25,17,3016.2
2026-09-25,18,2232.2
2026-09-25,19,2284.4
2026-09-25,20,2243.0
2026-09-25,21,1008.7
2026-09-25,22,1003.0
2026-09-25,23,1046.8
2026-09-26,0,240.0
2026-09-26,1,261.1
2026-09-26,2,222.8
2026-09-26,3,228.3
2026-09-26,4,234.2
2026-09-26,5,256.8
2026-09-26,6,611.3
2026-09-26,7,655.6
2026-09-26,8,1511.3
2026-09-26,9,1552.6
2026-09-26,10,1430.7
2026-09-26,11,1428.8
2026-09-26,12,798.4
2026-09-26,13,732.5
2026-09-26,14,1606.2
2026-09-26,15,1537.0
2026-09-26,16,1571.6
2026-09-26,17,1611.9
2026-09-26,18,1099.3
2026-09-26,19,1151.3
2026-09-26,20,1140.6
2026-09-26,21,592.8
2026-09-26,22,514.8
2026-09-26,23,593.0
2026-09-27,0,234.6
2026-09-27,1,256.1
2026-09-27,2,256.6
2026-09-27,3,260.5
2026-09-27,4,250.1
2026-09-27,5,260.3
2026-09-27,6,628.9
2026-09-27,7,604.6
2026-09-27,8,1481.6
2026-09-27,9,1547.0
2026-09-27,10,1365.4
2026-09-27,11,1519.6
2026-09-27,12,763.7
2026-09-27,13,731.0
2026-09-27,14,1631.0
2026-09-27,15,1487.5
2026-09-27,16,1614.0
2026-09-27,17,1548.9
2026-09-27,18,1034.9
2026-09-27,19,1036.4
2026-09-27,20,1126.7
2026-09-27,21,513.6
2026-09-27,22,581.8
2026-09-27,23,523.4
2026-09-28,0,461.3
2026-09-28,1,457.4
2026-09-28,2,452.4
2026-09-28,3,500.3
2026-09-28,4,473.8
2026-09-28,5,448.5
2026-09-28,6,1235.0
2026-09-28,7,1287.7
2026-09-28,8,2770.9
2026-09-28,9,2701.9
2026-09-28,10,2681.8
2026-09-28,11,2858.4
2026-09-28,12,1487.5
2026-09-28,13,1468.4
2026-09-28,14,2814.2
2026-09-28,15,2927.5
2026-09-28,16,3143.3
2026-09-28,17,3077.8
2026-09-28,18,2225.7
2026-09-28,19,1957.7
2026-09-28,20,2124.8
2026-09-28,21,1068.0
2026-09-28,22,1065.1
2026-09-28,23,1009.0
2026-09-29,0,493.6
2026-09-29,1,459.6
2026-09-29,2,443.9
2026-09-29,3,434.9
2026-09-29,4,476.0
2026-09-29,5,481.8
2026-09-29,6,1265.8
2026-09-29,7,1215.4
2026-09-29,8,2998.5
2026-09-29,9,2643.0
2026-09-29,10,2998.4
2026-09-29,11,2977.1
2026-09-29,12,1473.2
2026-09-29,13,1457.3
2026-09-29,14,3070.8
2026-09-29,15,2815.9
2026-09-29,16,2901.9
2026-09-29,17,3140.1
2026-09-29,18,1989.1
2026-09-29,19,1985.0
2026-09-29,20,2029.9
2026-09-29,21,1010.0
2026-09-29,22,1043.7
2026-09-29,23,1008.6
2026-09-30,0,490.6
2026-09-30,1,438.3
2026-09-30,2,474.1
2026-09-30,3,475.6
2026-09-30,4,444.2
2026-09-30,5,492.8
2026-09-30,6,1215.2
2026-09-30,7,1151.3
2026-09-30,8,2899.8
2026-09-30,9,2994.6
2026-09-30,10,2857.1
2026-09-30,11,2680.9
2026-09-30,12,1569.9
2026-09-30,13,1346.1
2026-09-30,14,3001.1
2026-09-30,15,2966.9
2026-09-30,16,2930.2
2026-09-30,17,2883.5
2026-09-30,18,1995.9
2026-09-30,19,2069.2
2026-09-30,20,2237.2
2026-09-30,21,1136.9
2026-09-30,22,1030.4
2026-09-30,23,1011.0
2026-10-01,0,494.6
2026-10-01,1,494.1
2026-10-01,2,444.6
2026-10-01,3,491.6
2026-10-01,4,486.9
2026-10-01,5,509.9
2026-10-01,6,1311.2
2026-10-01,7,1139.9
2026-10-01,8,2961.0
2026-10-01,9,2883.5
2026-10-01,10,2666.5
2026-10-01,11,2802.6
2026-10-01,12,1559.9
2026-10-01,13,1476.5
2026-10-01,14,2925.2
2026-10-01,15,3216.6
2026-10-01,16,3178.0
2026-10-01,17,3147.4
2026-10-01,18,2127.1
2026-10-01,19,2291.4
2026-10-01,20,2073.9
2026-10-01,21,1078.6
2026-10-01,22,1013.4
2026-10-01,23,1000.4
2026-10-02,0,512.8
2026-10-02,1,478.6
2026-10-02,2,486.4
2026-10-02,3,479.6
2026-10-02,4,503.6
2026-10-02,5,493.3
2026-10-02,6,1182.4
2026-10-02,7,1187.6
2026-10-02,8,2679.8
2026-10-02,9,2789.8
2026-10-02,10,2850.7
2026-10-02,11,2705.4
2026-10-02,12,1420.9
2026-10-02,13,1576.1
2026-10-02,14,2904.2
2026-10-02,15,2942.2
2026-10-02,16,3098.1
2026-10-02,17,2970.5
2026-10-02,18,2320.1
2026-10-02,19,2048.5
2026-10-02,20,2039.3
2026-10-02,21,1159.3
2026-10-02,22,1166.9
2026-10-02,23,1029.3
2026-10-03,0,237.1
2026-10-03,1,254.9
2026-10-03,2,227.3
2026-10-03,3,230.6
2026-10-03,4,229.7
2026-10-03,5,246.3
2026-10-03,6,638.9
2026-10-03,7,637.5
2026-10-03,8,1416.3
2026-10-03,9,1399.1
2026-10-03,10,1578.8
2026-10-03,11,1373.5
2026-10-03,12,816.3
2026-10-03,13,736.4
2026-10-03,14,1639.1
2026-10-03,15,1519.5
2026-10-03,16,1541.9
2026-10-03,17,1678.0
2026-10-03,18,1078.6
2026-10-03,19,1090.2
2026-10-03,20,1147.9
2026-10-03,21,543.4
2026-10-03,22,558.5
2026-10-03,23,529.6
2026-10-04,0,230.7
2026-10-04,1,254.8
2026-10-04,2,243.5
2026-10-04,3,237.7
2026-10-04,4,251.7
2026-10-04,5,232.5
2026-10-04,6,606.9
2026-10-04,7,599.3
2026-10-04,8,1379.0
2026-10-04,9,1461.8
2026-10-04,10,1386.0
2026-10-04,11,1529.3
2026-10-04,12,832.2
2026-10-04,13,838.0
2026-10-04,14,1606.8
2026-10-04,15,1630.1
2026-10-04,16,1694.5
2026-10-04,17,1555.3
2026-10-04,18,1146.7
2026-10-04,19,1052.4
2026-10-04,20,1147.9
2026-10-04,21,521.2
2026-10-04,22,588.0
2026-10-04,23,581.3
2026-10-05,0,492.0
2026-10-05,1,451.1
2026-10-05,2,506.9
2026-10-05,3,444.2
2026-10-05,4,484.8
2026-10-05,5,485.0
2026-10-05,6,1259.2
2026-10-05,7,1309.3
2026-10-05,8,2941.9
2026-10-05,9,2806.2
2026-10-05,10,2883.4
2026-10-05,11,2662.8
2026-10-05,12,1396.9
2026-10-05,13,1448.9
2026-10-05,14,3085.6
2026-10-05,15,2889.1
2026-10-05,16,2979.1
2026-10-05,17,2889.5
2026-10-05,18,2165.8
2026-10-05,19,2298.1
2026-10-05,20,2275.3
2026-10-05,21,1125.3
2026-10-05,22,1007.3
2026-10-05,23,1117.1
2026-10-06,0,509.8
2026-10-06,1,505.1
2026-10-06,2,510.9
2026-10-06,3,505.2
2026-10-06,4,470.8
2026-10-06,5,470.9
2026-10-06,6,1292.2
2026-10-06,7,1205.9
2026-10-06,8,2868.6
2026-10-06,9,2846.3
2026-10-06,10,2696.8
2026-10-06,11,2843.2
2026-10-06,12,1603.9
2026-10-06,13,1498.1
2026-10-06,14,3152.6
2026-10-06,15,2919.1
2026-10-06,16,3284.8
2026-10-06,17,3356.1
2026-10-06,18,2206.3
2026-10-06,19,2195.1
2026-10-06,20,2315.8
2026-10-06,21,1044.3
2026-10-06,22,1108.6
2026-10-06,23,1060.0
2026-10-07,0,494.8
2026-10-07,1,511.3
2026-10-07,2,438.1
2026-10-07,3,475.6
2026-10-07,4,464.3
2026-10-07,5,509.6
2026-10-07,6,1249.5
2026-10-07,7,1308.5
2026-10-07,8,2727.6
2026-10-07,9,2796.1
2026-10-07,10,3018.9
2026-10-07,11,2729.8
2026-10-07,12,1571.7
2026-10-07,13,1424.7
2026-10-07,14,3198.0
2026-10-07,15,3115.5
2026-10-07,16,3259.6
2026-10-07,17,2966.3
2026-10-07,18,2259.8
2026-10-07,19,2021.2
2026-10-07,20,2030.1
2026-10-07,21,1030.3
2026-10-07,22,1149.5
2026-10-07,23,1114.0
2026-10-08,0,500.7
2026-10-08,1,469.6
2026-10-08,2,459.6
2026-10-08,3,485.7
2026-10-08,4,511.7
2026-10-08,5,502.2
2026-10-08,6,1283.1
2026-10-08,7,1253.2
2026-10-08,8,2929.5
2026-10-08,9,2665.0
2026-10-08,10,2860.1
2026-10-08,11,2911.9
2026-10-08,12,1390.4
2026-10-08,13,1606.1
2026-10-08,14,3252.3
2026-10-08,15,2882.2
2026-10-08,16,3076.1
2026-10-08,17,3023.8
2026-10-08,18,2157.8
2026-10-08,19,2266.4
2026-10-08,20,2041.7
2026-10-08,21,1089.7
2026-10-08,22,1005.1
2026-10-08,23,1045.4
2026-10-09,0,480.1
2026-10-09,1,444.2
2026-10-09,2,507.3
2026-10-09,3,510.3
2026-10-09,4,492.2
2026-10-09,5,437.6
2026-10-09,6,1311.4
2026-10-09,7,1288.1
2026-10-09,8,2680.1
2026-10-09,9,2875.2
2026-10-09,10,2898.4
2026-10-09,11,3017.7
2026-10-09,12,1461.3
2026-10-09,13,1404.6
2026-10-09,14,3112.5
2026-10-09,15,3264.1
2026-10-09,16,2961.7
2026-10-09,17,3048.8
2026-10-09,18,2289.7
2026-10-09,19,2290.2
2026-10-09,20,2335.8
2026-10-09,21,1153.9
2026-10-09,22,1018.0
2026-10-09,23,1133.8
2026-10-10,0,245.2
2026-10-10,1,232.3
2026-10-10,2,245.6
2026-10-10,3,259.5
2026-10-10,4,242.3
2026-10-10,5,247.3
2026-10-10,6,666.0
2026-10-10,7,603.1
2026-10-10,8,1598.6
2026-10-10,9,1560.2
2026-10-10,10,1364.8
2026-10-10,11,1594.5
2026-10-10,12,772.5
2026-10-10,13,725.2
2026-10-10,14,1736.8
2026-10-10,15,1520.0
2026-10-10,16,1653.0
2026-10-10,17,1715.0
2026-10-10,18,1112.3
2026-10-10,19,1040.4
2026-10-10,20,1130.4
2026-10-10,21,572.1
2026-10-10,22,585.3
2026-10-10,23,548.0
2026-10-11,0,228.9
2026-10-11,1,246.4
2026-10-11,2,264.4
2026-10-11,3,239.9
2026-10-11,4,237.0
2026-10-11,5,235.2
2026-10-11,6,650.7
2026-10-11,7,620.5
2026-10-11,8,1509.9
2026-10-11,9,1502.9
2026-10-11,10,1490.6
2026-10-11,11,1398.9
2026-10-11,12,764.6
2026-10-11,13,779.5
2026-10-11,14,1577.7
2026-10-11,15,1557.5
2026-10-11,16,1516.7
2026-10-11,17,1704.7
2026-10-11,18,1180.8
2026-10-11,19,1218.5
2026-10-11,20,1183.7
2026-10-11,21,536.6
2026-10-11,22,551.0
2026-10-11,23,605.2
2026-10-12,0,471.0
2026-10-12,1,507.8
2026-10-12,2,472.2
2026-10-12,3,507.9
2026-10-12,4,493.3
2026-10-12,5,457.7
2026-10-12,6,1140.4
2026-10-12,7,1135.5
2026-10-12,8,2993.5
2026-10-12,9,2834.0
2026-10-12,10,2815.6
2026-10-12,11,2758.3
2026-10-12,12,1389.8
2026-10-12,13,1540.1
2026-10-12,14,2925.3
2026-10-12,15,3175.3
2026-10-12,16,3141.4
2026-10-12,17,3063.6
2026-10-12,18,2076.2
2026-10-12,19,2216.8
2026-10-12,20,2209.4
2026-10-12,21,1024.5
2026-10-12,22,1158.6
2026-10-12,23,1030.9
2026-10-13,0,454.6
2026-10-13,1,458.4
2026-10-13,2,499.4
2026-10-13,3,442.4
2026-10-13,4,507.6
2026-10-13,5,486.7
2026-10-13,6,1281.4
2026-10-13,7,1141.4
2026-10-13,8,2930.1
2026-10-13,9,2969.8
2026-10-13,10,2829.0
2026-10-13,11,3043.6
2026-10-13,12,1611.3
2026-10-13,13,1463.1
2026-10-13,14,3336.0
2026-10-13,15,3189.2
2026-10-13,16,3012.7
2026-10-13,17,3187.8
2026-10-13,18,2194.8
2026-10-13,19,2186.8
2026-10-13,20,2230.3
2026-10-13,21,1127.1
2026-10-13,22,1006.3
2026-10-13,23,1011.5
2026-10-14,0,501.4
2026-10-14,1,501.1
2026-10-14,2,496.7
2026-10-14,3,482.1
2026-10-14,4,449.8
2026-10-14,5,503.6
2026-10-14,6,1176.9
2026-10-14,7,1284.8
2026-10-14,8,2874.4
2026-10-14,9,2891.3
2026-10-14,10,2724.9
2026-10-14,11,2736.1
2026-10-14,12,1589.3
2026-10-14,13,1411.8
2026-10-14,14,3112.5
2026-10-14,15,3076.4
2026-10-14,16,3063.5
2026-10-14,17,2932.1
2026-10-14,18,2279.0
2026-10-14,19,2112.2
2026-10-14,20,2032.5
2026-10-14,21,1126.2
2026-10-14,22,1039.5
2026-10-14,23,1038.8
2026-10-15,0,437.6
2026-10-15,1,501.9
2026-10-15,2,486.1
2026-10-15,3,443.3
2026-10-15,4,464.2
2026-10-15,5,473.5
2026-10-15,6,1265.5
2026-10-15,7,1230.1
2026-10-15,8,2725.8
2026-10-15,9,2860.9
2026-10-15,10,2703.0
2026-10-15,11,2799.8
2026-10-15,12,1407.4
2026-10-15,13,1475.8
2026-10-15,14,3142.1
2026-10-15,15,3168.6
2026-10-15,16,3003.9
2026-10-15,17,3168.0
2026-10-15,18,2239.5
2026-10-15,19,2038.0
2026-10-15,20,2011.9
2026-10-15,21,1054.8
2026-10-15,22,1079.3
2026-10-15,23,1079.1
2026-10-16,0,481.2
2026-10-16,1,451.7
2026-10-16,2,479.1
2026-10-16,3,491.1
2026-10-16,4,501.4
2026-10-16,5,460.1
2026-10-16,6,1127.2
2026-10-16,7,1157.7
2026-10-16,8,2714.2
2026-10-16,9,2653.7
2026-10-16,10,3023.4
2026-10-16,11,2885.6
2026-10-16,12,1417.9
2026-10-16,13,1512.0
2026-10-16,14,3048.9
2026-10-16,15,2883.1
2026-10-16,16,3293.1
2026-10-16,17,3102.6
2026-10-16,18,2011.0
2026-10-16,19,2248.6
2026-10-16,20,1998.2
2026-10-16,21,1127.4
2026-10-16,22,1137.3
2026-10-16,23,1104.6
2026-10-17,0,237.8
2026-10-17,1,251.0
2026-10-17,2,234.6
2026-10-17,3,253.9
2026-10-17,4,245.3
2026-10-17,5,247.6
2026-10-17,6,597.4
2026-10-17,7,585.0
2026-10-17,8,1440.9
2026-10-17,9,1472.3
2026-10-17,10,1452.6
2026-10-17,11,1457.0
2026-10-17,12,716.4
2026-10-17,13,733.0
2026-10-17,14,1563.3
2026-10-17,15,1731.6
2026-10-17,16,1530.0
2026-10-17,17,1574.9
2026-10-17,18,1104.9
2026-10-17,19,1069.5
2026-10-17,20,1198.4
2026-10-17,21,600.4
2026-10-17,22,578.3
2026-10-17,23,583.3
2026-10-18,0,257.0
2026-10-18,1,241.5
2026-10-18,2,259.2
2026-10-18,3,238.3
2026-10-18,4,247.4
2026-10-18,5,234.0
2026-10-18,6,593.1
2026-10-18,7,597.9
2026-10-18,8,1551.7
2026-10-18,9,1376.5
2026-10-18,10,1461.9
2026-10-18,11,1426.0
2026-10-18,12,759.6
2026-10-18,13,775.4
2026-10-18,14,1689.8
2026-10-18,15,1683.1
2026-10-18,16,1521.8
2026-10-18,17,1715.4
2026-10-18,18,1137.6
2026-10-18,19,1105.0
2026-10-18,20,1166.7
2026-10-18,21,541.7
2026-10-18,22,594.6
2026-10-18,23,560.7
2026-10-19,0,452.1
2026-10-19,1,455.4
2026-10-19,2,490.1
2026-10-19,3,456.5
2026-10-19,4,461.9
2026-10-19,5,499.8
2026-10-19,6,1193.8
2026-10-19,7,1256.9
2026-10-19,8,2733.3
2026-10-19,9,2992.8
2026-10-19,10,2986.3
2026-10-19,11,2896.0
2026-10-19,12,1557.9
2026-10-19,13,1600.8
2026-10-19,14,3245.8
2026-10-19,15,3256.7
2026-10-19,16,3332.9
2026-10-19,17,3288.3
2026-10-19,18,2261.8
2026-10-19,19,2337.9
2026-10-19,20,2191.2
2026-10-19,21,1161.9
2026-10-19,22,1018.4
2026-10-19,23,1004.0
2026-10-20,0,508.2
2026-10-20,1,457.3
2026-10-20,2,473.0
2026-10-20,3,506.2
2026-10-20,4,495.4
2026-10-20,5,496.0
2026-10-20,6,1134.7
2026-10-20,7,1202.5
2026-10-20,8,2778.3
2026-10-20,9,2860.7
2026-10-20,10,2688.8
2026-10-20,11,2826.9
2026-10-20,12,1598.2
2026-10-20,13,1521.1
2026-10-20,14,2918.3
2026-10-20,15,3290.0
2026-10-20,16,3015.7
2026-10-20,17,2918.7
2026-10-20,18,2190.3
2026-10-20,19,2252.9
2026-10-20,20,2300.7
2026-10-20,21,1013.6
2026-10-20,22,1110.1
2026-10-20,23,1090.2
2026-10-21,0,487.7
2026-10-21,1,455.4
2026-10-21,2,496.7
2026-10-21,3,505.2
2026-10-21,4,481.9
2026-10-21,5,457.2
2026-10-21,6,1173.2
2026-10-21,7,1302.6
2026-10-21,8,2671.7
2026-10-21,9,2764.5
2026-10-21,10,2783.2
2026-10-21,11,2943.6
2026-10-21,12,1476.9
2026-10-21,13,1598.6
2026-10-21,14,3291.4
2026-10-21,15,3010.2
2026-10-21,16,3002.8
2026-10-21,17,3306.9
2026-10-21,18,2198.6
2026-10-21,19,2179.4
2026-10-21,20,2262.2
2026-10-21,21,1059.6
2026-10-21,22,1152.0
2026-10-21,23,1022.2
2026-10-22,0,469.6
2026-10-22,1,485.5
2026-10-22,2,496.0
2026-10-22,3,482.0
2026-10-22,4,467.0
2026-10-22,5,440.4
2026-10-22,6,1279.2
2026-10-22,7,1129.0
2026-10-22,8,3061.7
2026-10-22,9,2671.3
2026-10-22,10,2629.1
2026-10-22,11,2945.1
2026-10-22,12,1463.8
2026-10-22,13,1442.5
2026-10-22,14,3148.8
2026-10-22,15,3309.2
2026-10-22,16,3093.4
2026-10-22,17,2986.1
2026-10-22,18,2146.1
2026-10-22,19,2087.0
2026-10-22,20,2054.1
2026-10-22,21,1110.3
2026-10-22,22,1026.4
2026-10-22,23,1087.0
2026-10-23,0,439.6
2026-10-23,1,504.1
2026-10-23,2,459.2
2026-10-23,3,511.5
2026-10-23,4,492.2
2026-10-23,5,473.3
2026-10-23,6,1140.2
2026-10-23,7,1182.0
2026-10-23,8,2803.7
2026-10-23,9,2882.0
2026-10-23,10,2705.7
2026-10-23,11,2644.4
2026-10-23,12,1475.0
2026-10-23,13,1587.3
2026-10-23,14,2987.5
2026-10-23,15,2951.2
2026-10-23,16,3261.0
2026-10-23,17,3127.8
2026-10-23,18,2050.3
2026-10-23,19,2244.3
2026-10-23,20,2117.4
2026-10-23,21,1146.6
2026-10-23,22,1108.5
2026-10-23,23,1022.0
2026-10-24,0,234.8
2026-10-24,1,251.3
2026-10-24,2,236.6
2026-10-24,3,262.8
2026-10-24,4,232.6
2026-10-24,5,236.2
2026-10-24,6,603.4
2026-10-24,7,611.1
2026-10-24,8,1376.6
2026-10-24,9,1414.1
2026-10-24,10,1589.0
2026-10-24,11,1532.0
2026-10-24,12,778.8
2026-10-24,13,717.8
2026-10-24,14,1631.4
2026-10-24,15,1667.1
2026-10-24,16,1537.1
2026-10-24,17,1549.2
2026-10-24,18,1179.6
2026-10-24,19,1075.8
2026-10-24,20,1122.0
2026-10-24,21,564.3
2026-10-24,22,530.4
2026-10-24,23,554.5
2026-10-25,0,239.0
2026-10-25,1,253.6
2026-10-25,2,258.2
2026-10-25,3,250.4
2026-10-25,4,240.0
2026-10-25,5,240.5
2026-10-25,6,667.3
2026-10-25,7,668.3
2026-10-25,8,1586.5
2026-10-25,9,1511.1
2026-10-25,10,1384.4
2026-10-25,11,1518.5
2026-10-25,12,835.2
2026-10-25,13,772.7
2026-10-25,14,1743.2
2026-10-25,15,1703.8
2026-10-25,16,1520.1
2026-10-25,17,1692.4
2026-10-25,18,1068.4
2026-10-25,19,1178.1
2026-10-25,20,1191.5
2026-10-25,21,549.8
2026-10-25,22,581.1
2026-10-25,23,578.3
2026-10-26,0,496.7
2026-10-26,1,499.2
2026-10-26,2,498.9
2026-10-26,3,482.3
2026-10-26,4,512.2
2026-10-26,5,480.4
2026-10-26,6,1151.0
2026-10-26,7,1165.9
2026-10-26,8,2877.8
2026-10-26,9,2726.6
2026-10-26,10,2830.1
2026-10-26,11,2753.4
2026-10-26,12,1430.4
2026-10-26,13,1455.8
2026-10-26,14,2880.3
2026-10-26,15,3022.5
2026-10-26,16,3336.2
2026-10-26,17,3146.6
2026-10-26,18,2310.6
2026-10-26,19,2273.7
2026-10-26,20,2193.0
2026-10-26,21,1140.5
2026-10-26,22,1081.1
2026-10-26,23,1069.9
2026-10-27,0,450.6
2026-10-27,1,469.0
2026-10-27,2,458.4
2026-10-27,3,484.8
2026-10-27,4,468.9
2026-10-27,5,483.5
2026-10-27,6,1192.2
2026-10-27,7,1126.6
2026-10-27,8,2926.0
2026-10-27,9,3005.1
2026-10-27,10,2875.3
2026-10-27,11,2949.4
2026-10-27,12,1526.7
2026-10-27,13,1474.2
2026-10-27,14,3243.4
2026-10-27,15,3207.8
2026-10-27,16,3298.4
2026-10-27,17,3352.4
2026-10-27,18,2058.0
2026-10-27,19,2256.8
2026-10-27,20,2238.0
2026-10-27,21,1008.8
2026-10-27,22,1041.7
2026-10-27,23,1152.1
2026-10-28,0,510.7
2026-10-28,1,477.2
2026-10-28,2,508.6
2026-10-28,3,453.5
2026-10-28,4,495.1
2026-10-28,5,464.9
2026-10-28,6,1189.7
2026-10-28,7,1279.1
2026-10-28,8,3051.4
2026-10-28,9,2819.2
2026-10-28,10,2821.0
2026-10-28,11,2943.5
2026-10-28,12,1516.9
2026-10-28,13,1436.1
2026-10-28,14,3062.4
2026-10-28,15,2992.5
2026-10-28,16,2906.7
2026-10-28,17,2959.3
2026-10-28,18,2308.5
2026-10-28,19,2307.2
2026-10-28,20,2007.7
2026-10-28,21,1037.3
2026-10-28,22,1008.2
2026-10-28,23,1152.1
2026-10-29,0,480.2
2026-10-29,1,501.3
2026-10-29,2,483.4
2026-10-29,3,458.4
2026-10-29,4,499.3
2026-10-29,5,466.8
2026-10-29,6,1293.9
2026-10-29,7,1208.0
2026-10-29,8,2863.6
2026-10-29,9,2844.9
2026-10-29,10,2737.5
2026-10-29,11,2633.2
2026-10-29,12,1577.7
2026-10-29,13,1442.3
2026-10-29,14,3110.6
2026-10-29,15,2998.6
2026-10-29,16,3356.6
2026-10-29,17,3160.8
2026-10-29,18,2219.3
2026-10-29,19,2320.9
2026-10-29,20,2190.8
2026-10-29,21,1010.8
2026-10-29,22,1002.4
2026-10-29,23,1097.2
2026-10-30,0,440.4
2026-10-30,1,451.8
2026-10-30,2,455.7
2026-10-30,3,437.7
2026-10-30,4,491.2
2026-10-30,5,472.0
2026-10-30,6,1272.5
2026-10-30,7,1132.6
2026-10-30,8,2795.6
2026-10-30,9,3026.1
2026-10-30,10,2974.9
2026-10-30,11,2756.0
2026-10-30,12,1427.5
2026-10-30,13,1548.7
2026-10-30,14,3064.0
2026-10-30,15,3322.7
2026-10-30,16,3295.5
2026-10-30,17,3156.2
2026-10-30,18,2308.4
2026-10-30,19,2061.0
2026-10-30,20,2155.3
2026-10-30,21,1101.2
2026-10-30,22,1120.8
2026-10-30,23,1123.1
2026-10-31,0,257.4
2026-10-31,1,257.1
2026-10-31,2,236.9
2026-10-31,3,263.4
2026-10-31,4,232.8
2026-10-31,5,251.1
2026-10-31,6,652.1
2026-10-31,7,629.4
2026-10-31,8,1538.8
2026-10-31,9,1477.3
2026-10-31,10,1591.0
2026-10-31,11,1440.3
2026-10-31,12,794.9
2026-10-31,13,829.2
2026-10-31,14,1722.8
2026-10-31,15,1686.5
2026-10-31,16,1519.2
2026-10-31,17,1627.5
2026-10-31,18,1197.3
2026-10-31,19,1078.3
2026-10-31,20,1195.9
2026-10-31,21,541.6
2026-10-31,22,536.5
2026-10-31,23,594.5
2026-11-01,0,225.5
2026-11-01,1,232.3
2026-11-01,2,230.6
2026-11-01,3,234.4
2026-11-01,4,258.0
2026-11-01,5,232.0
2026-11-01,6,595.5
2026-11-01,7,620.0
2026-11-01,8,1549.1
2026-11-01,9,1564.2
2026-11-01,10,1433.5
2026-11-01,11,1507.3
2026-11-01,12,745.1
2026-11-01,13,718.4
2026-11-01,14,1536.3
2026-11-01,15,1623.6
2026-11-01,16,1493.3
2026-11-01,17,1469.5
2026-11-01,18,1030.5
2026-11-01,19,1146.7
2026-11-01,20,1164.9
2026-11-01,21,539.7
2026-11-01,22,566.6
2026-11-01,23,593.4
2026-11-02,0,431.6
2026-11-02,1,459.9
2026-11-02,2,493.8
2026-11-02,3,495.6
2026-11-02,4,482.2
2026-11-02,5,497.6
2026-11-02,6,1253.2
2026-11-02,7,1134.5
2026-11-02,8,2847.6
2026-11-02,9,2763.8
2026-11-02,10,2949.4
2026-11-02,11,2967.4
2026-11-02,12,1461.9
2026-11-02,13,1414.4
2026-11-02,14,3237.6
2026-11-02,15,2913.7
2026-11-02,16,3240.8
2026-11-02,17,3223.1
2026-11-02,18,1976.8
2026-11-02,19,2273.9
2026-11-02,20,2267.2
2026-11-02,21,1035.4
2026-11-02,22,1144.3
2026-11-02,23,1075.8
2026-11-03,0,461.3
2026-11-03,1,447.6
2026-11-03,2,446.8
2026-11-03,3,444.6
2026-11-03,4,444.1
2026-11-03,5,432.8
2026-11-03,6,1159.3
2026-11-03,7,1142.9
2026-11-03,8,2716.6
2026-11-03,9,2580.0
2026-11-03,10,2926.8
2026-11-03,11,2621.4
2026-11-03,12,1518.7
2026-11-03,13,1554.2
2026-11-03,14,3069.4
2026-11-03,15,2818.7
2026-11-03,16,2955.8
2026-11-03,17,3065.1
2026-11-03,18,2127.3
2026-11-03,19,2210.6
2026-11-03,20,2090.2
2026-11-03,21,1129.0
2026-11-03,22,1129.2
2026-11-03,23,992.1
2026-11-04,0,447.8
2026-11-04,1,476.7
2026-11-04,2,458.8
2026-11-04,3,452.0
2026-11-04,4,443.2
2026-11-04,5,502.3
2026-11-04,6,1163.1
2026-11-04,7,1224.2
2026-11-04,8,2995.8
2026-11-04,9,2872.8
2026-11-04,10,2811.4
2026-11-04,11,2684.7
2026-11-04,12,1529.6
2026-11-04,13,1472.6
2026-11-04,14,2864.0
2026-11-04,15,2942.1
2026-11-04,16,2994.5
2026-11-04,17,3055.7
2026-11-04,18,2066.9
2026-11-04,19,2029.0
2026-11-04,20,2086.6
2026-11-04,21,997.9
2026-11-04,22,1036.7
2026-11-04,23,1096.3
2026-11-05,0,471.5
2026-11-05,1,441.0
2026-11-05,2,476.5
2026-11-05,3,483.1
2026-11-05,4,452.5
2026-11-05,5,431.6
2026-11-05,6,1208.5
2026-11-05,7,1183.1
2026-11-05,8,2796.4
2026-11-05,9,2815.7
2026-11-05,10,2894.9
2026-11-05,11,2778.9
2026-11-05,12,1444.9
2026-11-05,13,1460.1
2026-11-05,14,2887.4
2026-11-05,15,2962.1
2026-11-05,16,2833.3
2026-11-05,17,3106.5
2026-11-05,18,2203.9
2026-11-05,19,2156.8
2026-11-05,20,2051.5
2026-11-05,21,1067.6
2026-11-05,22,1068.1
2026-11-05,23,1135.2
2026-11-06,0,460.2
2026-11-06,1,497.9
2026-11-06,2,436.9
2026-11-06,3,451.5
2026-11-06,4,476.9
2026-11-06,5,442.8
2026-11-06,6,1146.6
2026-11-06,7,1278.8
2026-11-06,8,2872.5
2026-11-06,9,2641.5
2026-11-06,10,2717.4
2026-11-06,11,2706.6
2026-11-06,12,1351.8
2026-11-06,13,1520.6
2026-11-06,14,2843.6
2026-11-06,15,2952.3
2026-11-06,16,3129.4
2026-11-06,17,2818.4
2026-11-06,18,2291.0
2026-11-06,19,2166.9
2026-11-06,20,2260.2
2026-11-06,21,1082.9
2026-11-06,22,1002.4
2026-11-06,23,1092.9
2026-11-07,0,238.2
2026-11-07,1,253.6
2026-11-07,2,229.8
2026-11-07,3,229.9
2026-11-07,4,249.9
2026-11-07,5,234.9
2026-11-07,6,646.7
2026-11-07,7,576.6
2026-11-07,8,1421.5
2026-11-07,9,1444.3
2026-11-07,10,1453.9
2026-11-07,11,1516.0
2026-11-07,12,721.2
2026-11-07,13,712.1
2026-11-07,14,1552.7
2026-11-07,15,1583.0
2026-11-07,16,1503.3
2026-11-07,17,1640.0
2026-11-07,18,1090.2
2026-11-07,19,1112.1
2026-11-07,20,1086.3
2026-11-07,21,524.3
2026-11-07,22,526.3
2026-11-07,23,517.7
2026-11-08,0,260.5
2026-11-08,1,245.0
2026-11-08,2,244.6
2026-11-08,3,242.6
2026-11-08,4,257.3
2026-11-08,5,248.9
2026-11-08,6,646.4
2026-11-08,7,612.1
2026-11-08,8,1485.6
2026-11-08,9,1378.6
2026-11-08,10,1359.3
2026-11-08,11,1481.6
2026-11-08,12,788.5
2026-11-08,13,720.3
2026-11-08,14,1605.9
2026-11-08,15,1480.0
2026-11-08,16,1599.1
2026-11-08,17,1673.8
2026-11-08,18,1129.2
2026-11-08,19,1074.7
2026-11-08,20,1181.0
2026-11-08,21,532.2
2026-11-08,22,565.3
2026-11-08,23,545.4
2026-11-09,0,488.8
2026-11-09,1,435.6
2026-11-09,2,499.6
2026-11-09,3,451.4
2026-11-09,4,497.0
2026-11-09,5,446.5
2026-11-09,6,1119.1
2026-11-09,7,1170.2
2026-11-09,8,2612.7
2026-11-09,9,2575.8
2026-11-09,10,2675.7
2026-11-09,11,2710.6
2026-11-09,12,1389.6
2026-11-09,13,1455.3
2026-11-09,14,2871.1
2026-11-09,15,2830.7
2026-11-09,16,2913.8
2026-11-09,17,2895.7
2026-11-09,18,2140.8
2026-11-09,19,2130.2
2026-11-09,20,2269.4
2026-11-09,21,1105.6
2026-11-09,22,1086.5
2026-11-09,23,1034.4
2026-11-10,0,439.7
2026-11-10,1,452.6
2026-11-10,2,445.0
2026-11-10,3,475.3
2026-11-10,4,447.1
2026-11-10,5,469.1
2026-11-10,6,1181.0
2026-11-10,7,1160.4
2026-11-10,8,3012.5
2026-11-10,9,2740.8
2026-11-10,10,2657.0
2026-11-10,11,2658.9
2026-11-10,12,1482.9
2026-11-10,13,1521.8
2026-11-10,14,3181.7
2026-11-10,15,3109.1
2026-11-10,16,3044.8
2026-11-10,17,3043.6
2026-11-10,18,2221.5
2026-11-10,19,2073.6
2026-11-10,20,1983.4
2026-11-10,21,1107.5
2026-11-10,22,1040.9
2026-11-10,23,978.5
2026-11-11,0,466.6
2026-11-11,1,494.4
2026-11-11,2,454.3
2026-11-11,3,429.2
2026-11-11,4,465.5
2026-11-11,5,442.9
2026-11-11,6,1124.5
2026-11-11,7,1102.4
2026-11-11,8,2666.4
2026-11-11,9,2899.7
2026-11-11,10,2914.4
2026-11-11,11,2637.8
2026-11-11,12,1378.0
2026-11-11,13,1348.5
2026-11-11,14,3220.4
2026-11-11,15,2993.2
2026-11-11,16,3213.3
2026-11-11,17,3251.6
2026-11-11,18,2192.3
2026-11-11,19,2175.8
2026-11-11,20,2081.8
2026-11-11,21,1073.9
2026-11-11,22,1037.0
2026-11-11,23,1120.2
2026-11-12,0,471.7
2026-11-12,1,482.3
2026-11-12,2,488.9
2026-11-12,3,497.0
2026-11-12,4,494.1
2026-11-12,5,460.0
2026-11-12,6,1121.2
2026-11-12,7,1147.4
2026-11-12,8,2821.1
2026-11-12,9,2591.0
2026-11-12,10,2966.1
2026-11-12,11,2738.0
2026-11-12,12,1408.3
2026-11-12,13,1463.5
2026-11-12,14,3186.4
2026-11-12,15,3150.8
2026-11-12,16,3249.5
2026-11-12,17,2906.8
2026-11-12,18,2081.6
2026-11-12,19,2113.1
2026-11-12,20,2082.8
2026-11-12,21,1031.1
2026-11-12,22,978.4
2026-11-12,23,1135.7
2026-11-13,0,461.0
2026-11-13,1,478.6
2026-11-13,2,474.2
2026-11-13,3,430.4
2026-11-13,4,493.8
2026-11-13,5,468.1
2026-11-13,6,1121.1
2026-11-13,7,1218.4
2026-11-13,8,2961.5
2026-11-13,9,2861.6
2026-11-13,10,2803.1
2026-11-13,11,2915.4
2026-11-13,12,1385.9
2026-11-13,13,1491.7
2026-11-13,14,3180.5
2026-11-13,15,2831.3
2026-11-13,16,2899.8
2026-11-13,17,2988.8
2026-11-13,18,1970.8
2026-11-13,19,1976.3
2026-11-13,20,2248.7
2026-11-13,21,1049.2
2026-11-13,22,1108.2
2026-11-13,23,1045.0
2026-11-14,0,238.9
2026-11-14,1,259.3
2026-11-14,2,255.8
2026-11-14,3,234.5
2026-11-14,4,230.5
2026-11-14,5,237.6
2026-11-14,6,664.4
2026-11-14,7,668.4
2026-11-14,8,1431.9
2026-11-14,9,1421.2
2026-11-14,10,1538.8
2026-11-14,11,1535.9
2026-11-14,12,722.1
2026-11-14,13,816.6
2026-11-14,14,1597.6
2026-11-14,15,1677.5
2026-11-14,16,1569.2
2026-11-14,17,1575.3
2026-11-14,18,1119.3
2026-11-14,19,1177.6
2026-11-14,20,1094.2
2026-11-14,21,594.8
2026-11-14,22,566.0
2026-11-14,23,510.7
2026-11-15,0,240.4
2026-11-15,1,236.0
2026-11-15,2,251.7
2026-11-15,3,243.1
2026-11-15,4,242.7
2026-11-15,5,255.5
2026-11-15,6,641.6
2026-11-15,7,661.5
2026-11-15,8,1457.4
2026-11-15,9,1416.1
2026-11-15,10,1408.3
2026-11-15,11,1451.4
2026-11-15,12,807.8
2026-11-15,13,768.1
2026-11-15,14,1703.0
2026-11-15,15,1465.5
2026-11-15,16,1549.3
2026-11-15,17,1530.2
2026-11-15,18,1179.4
2026-11-15,19,1156.1
2026-11-15,20,1093.7
2026-11-15,21,578.7
2026-11-15,22,558.8
2026-11-15,23,513.8
2026-11-16,0,463.3
2026-11-16,1,455.6
2026-11-16,2,461.1
2026-11-16,3,474.0
2026-11-16,4,469.5
2026-11-16,5,466.4
2026-11-16,6,1155.0
2026-11-16,7,1184.7
2026-11-16,8,2979.3
2026-11-16,9,2828.9
2026-11-16,10,2941.3
2026-11-16,11,2723.3
2026-11-16,12,1378.6
2026-11-16,13,1546.3
2026-11-16,14,2842.5
2026-11-16,15,3198.8
2026-11-16,16,3068.0
2026-11-16,17,3076.3
2026-11-16,18,2046.3
2026-11-16,19,2233.0
2026-11-16,20,1980.9
2026-11-16,21,1139.3
2026-11-16,22,1051.4
2026-11-16,23,992.7
2026-11-17,0,451.9
2026-11-17,1,473.4
2026-11-17,2,500.7
2026-11-17,3,429.6
2026-11-17,4,465.4
2026-11-17,5,499.1
2026-11-17,6,1193.5
2026-11-17,7,1167.8
2026-11-17,8,2844.4
2026-11-17,9,2575.7
2026-11-17,10,2918.6
2026-11-17,11,2783.1
2026-11-17,12,1349.3
2026-11-17,13,1542.6
2026-11-17,14,3048.4
2026-11-17,15,3175.6
2026-11-17,16,3044.0
2026-11-17,17,2907.6
2026-11-17,18,1991.3
2026-11-17,19,2210.4
2026-11-17,20,2133.1
2026-11-17,21,981.3
2026-11-17,22,1081.2
2026-11-17,23,1088.2
2026-11-18,0,463.3
2026-11-18,1,451.4
2026-11-18,2,460.0
2026-11-18,3,451.8
2026-11-18,4,468.6
2026-11-18,5,465.4
2026-11-18,6,1130.6
2026-11-18,7,1210.0
2026-11-18,8,2600.7
2026-11-18,9,2943.5
2026-11-18,10,2773.4
2026-11-18,11,2999.0
2026-11-18,12,1540.8
2026-11-18,13,1436.5
2026-11-18,14,3023.9
2026-11-18,15,2846.6
2026-11-18,16,3009.7
2026-11-18,17,3121.8
2026-11-18,18,2094.2
2026-11-18,19,2055.3
2026-11-18,20,2022.4
2026-11-18,21,1084.3
2026-11-18,22,1082.5
2026-11-18,23,1093.9
2026-11-19,0,441.9
2026-11-19,1,438.7
2026-11-19,2,502.3
2026-11-19,3,470.9
2026-11-19,4,448.3
2026-11-19,5,476.3
2026-11-19,6,1219.8
2026-11-19,7,1129.0
2026-11-19,8,2654.7
2026-11-19,9,3009.5
2026-11-19,10,2622.2
2026-11-19,11,2730.2
2026-11-19,12,1447.5
2026-11-19,13,1346.8
2026-11-19,14,2930.9
2026-11-19,15,3294.2
2026-11-19,16,2855.4
2026-11-19,17,3161.8
2026-11-19,18,2077.7
2026-11-19,19,2209.6
2026-11-19,20,2103.7
2026-11-19,21,1132.4
2026-11-19,22,1017.7
2026-11-19,23,1093.8
2026-11-20,0,453.0
2026-11-20,1,431.7
2026-11-20,2,467.3
2026-11-20,3,455.3
2026-11-20,4,448.5
2026-11-20,5,444.4
2026-11-20,6,1188.0
2026-11-20,7,1145.9
2026-11-20,8,2622.1
2026-11-20,9,2784.7
2026-11-20,10,2947.5
2026-11-20,11,2762.3
2026-11-20,12,1567.0
2026-11-20,13,1512.3
2026-11-20,14,2916.5
2026-11-20,15,2906.5
2026-11-20,16,3179.5
2026-11-20,17,3058.2
2026-11-20,18,2278.9
2026-11-20,19,2094.0
2026-11-20,20,1967.7
2026-11-20,21,1127.7
2026-11-20,22,986.7
2026-11-20,23,1000.2
2026-11-21,0,250.8
2026-11-21,1,247.6
2026-11-21,2,233.2
2026-11-21,3,230.8
2026-11-21,4,249.1
2026-11-21,5,235.4
2026-11-21,6,630.9
2026-11-21,7,644.4
2026-11-21,8,1427.9
2026-11-21,9,1555.0
2026-11-21,10,1444.0
2026-11-21,11,1439.8
2026-11-21,12,719.5
2026-11-21,13,792.6
2026-11-21,14,1631.1
2026-11-21,15,1476.3
2026-11-21,16,1557.0
2026-11-21,17,1699.0
2026-11-21,18,1181.9
2026-11-21,19,1106.3
2026-11-21,20,1162.8
2026-11-21,21,568.7
2026-11-21,22,553.0
2026-11-21,23,591.6
2026-11-22,0,227.1
2026-11-22,1,224.9
2026-11-22,2,255.4
2026-11-22,3,235.6
2026-11-22,4,259.2
2026-11-22,5,245.1
2026-11-22,6,620.3
2026-11-22,7,659.3
2026-11-22,8,1558.5
2026-11-22,9,1495.1
2026-11-22,10,1335.5
2026-11-22,11,1363.2
2026-11-22,12,768.9
2026-11-22,13,720.5
2026-11-22,14,1509.7
2026-11-22,15,1708.8
2026-11-22,16,1710.0
2026-11-22,17,1566.4
2026-11-22,18,1068.9
2026-11-22,19,1174.7
2026-11-22,20,1134.0
2026-11-22,21,588.7
2026-11-22,22,533.1
2026-11-22,23,520.0
2026-11-23,0,475.1
2026-11-23,1,467.3
2026-11-23,2,466.2
2026-11-23,3,501.9
2026-11-23,4,482.8
2026-11-23,5,462.7
2026-11-23,6,1270.9
2026-11-23,7,1207.5
2026-11-23,8,2744.9
2026-11-23,9,2602.0
2026-11-23,10,2857.9
2026-11-23,11,2771.0
2026-11-23,12,1355.6
2026-11-23,13,1382.0
2026-11-23,14,3003.0
2026-11-23,15,3131.1
2026-11-23,16,2907.2
2026-11-23,17,2902.9
2026-11-23,18,2009.5
2026-11-23,19,2201.2
2026-11-23,20,2282.5
2026-11-23,21,1063.7
2026-11-23,22,1004.8
2026-11-23,23,1053.6
2026-11-24,0,479.7
2026-11-24,1,455.2
2026-11-24,2,454.7
2026-11-24,3,443.0
2026-11-24,4,476.3
2026-11-24,5,461.0
2026-11-24,6,1121.8
2026-11-24,7,1258.9
2026-11-24,8,2635.4
2026-11-24,9,2572.2
2026-11-24,10,2792.6
2026-11-24,11,2653.7
2026-11-24,12,1495.8
2026-11-24,13,1522.6
2026-11-24,14,2824.4
2026-11-24,15,2979.6
2026-11-24,16,2950.6
2026-11-24,17,3057.6
2026-11-24,18,2118.7
2026-11-24,19,2294.1
2026-11-24,20,2162.8
2026-11-24,21,1030.4
2026-11-24,22,1097.4
2026-11-24,23,1112.2
2026-11-25,0,441.5
2026-11-25,1,492.1
2026-11-25,2,439.4
2026-11-25,3,498.0
2026-11-25,4,450.8
2026-11-25,5,464.4
2026-11-25,6,1156.3
2026-11-25,7,1201.4
2026-11-25,8,2947.6
2026-11-25,9,2694.6
2026-11-25,10,2913.7
2026-11-25,11,2701.2
2026-11-25,12,1502.3
2026-11-25,13,1472.3
2026-11-25,14,2887.0
2026-11-25,15,3232.6
2026-11-25,16,2976.7
2026-11-25,17,2858.9
2026-11-25,18,2007.9
2026-11-25,19,2129.7
2026-11-25,20,1962.8
2026-11-25,21,1022.9
2026-11-25,22,1127.5
2026-11-25,23,992.1
2026-11-26,0,453.4
2026-11-26,1,429.2
2026-11-26,2,467.4
2026-11-26,3,486.7
2026-11-26,4,482.3
2026-11-26,5,443.4
2026-11-26,6,1288.9
2026-11-26,7,1127.6
2026-11-26,8,2797.0
2026-11-26,9,2934.5
2026-11-26,10,2839.5
2026-11-26,11,2913.7
2026-11-26,12,1384.1
2026-11-26,13,1532.1
2026-11-26,14,3292.4
2026-11-26,15,3282.5
2026-11-26,16,3047.4
2026-11-26,17,3045.9
2026-11-26,18,2013.3
2026-11-26,19,2243.5
2026-11-26,20,2138.6
2026-11-26,21,1038.7
2026-11-26,22,1136.2
2026-11-26,23,1115.6
2026-11-27,0,479.4
2026-11-27,1,455.3
2026-11-27,2,442.8
2026-11-27,3,486.6
2026-11-27,4,467.1
2026-11-27,5,432.7
2026-11-27,6,1157.4
2026-11-27,7,1230.3
2026-11-27,8,2842.9
2026-11-27,9,2708.8
2026-11-27,10,2882.0
2026-11-27,11,2624.4
2026-11-27,12,1570.5
2026-11-27,13,1471.5
2026-11-27,14,2874.6
2026-11-27,15,3237.6
2026-11-27,16,3262.6
2026-11-27,17,3152.8
2026-11-27,18,2164.4
2026-11-27,19,2290.1
2026-11-27,20,2078.3
2026-11-27,21,1088.7
2026-11-27,22,1046.3
2026-11-27,23,1078.3
2026-11-28,0,231.6
2026-11-28,1,257.0
2026-11-28,2,258.0
2026-11-28,3,237.9
2026-11-28,4,226.6
2026-11-28,5,232.8
2026-11-28,6,663.6
2026-11-28,7,669.1
2026-11-28,8,1394.3
2026-11-28,9,1399.3
2026-11-28,10,1438.2
2026-11-28,11,1508.5
2026-11-28,12,788.7
2026-11-28,13,811.3
2026-11-28,14,1710.9
2026-11-28,15,1546.3
2026-11-28,16,1596.6
2026-11-28,17,1477.7
2026-11-28,18,1162.1
2026-11-28,19,1108.2
2026-11-28,20,1140.6
2026-11-28,21,544.3
2026-11-28,22,512.5
2026-11-28,23,578.3
2026-11-29,0,232.3
2026-11-29,1,252.0
2026-11-29,2,258.9
2026-11-29,3,239.9
2026-11-29,4,243.7
2026-11-29,5,250.0
2026-11-29,6,671.0
2026-11-29,7,636.6
2026-11-29,8,1459.5
2026-11-29,9,1348.3
2026-11-29,10,1438.9
2026-11-29,11,1565.2
2026-11-29,12,780.8
2026-11-29,13,746.4
2026-11-29,14,1540.3
2026-11-29,15,1692.1
2026-11-29,16,1586.0
2026-11-29,17,1605.1
2026-11-29,18,1027.8
2026-11-29,19,1092.1
2026-11-29,20,1077.0
2026-11-29,21,533.0
2026-11-29,22,559.8
2026-11-29,23,540.8
2026-11-30,0,470.6
2026-11-30,1,448.3
2026-11-30,2,450.2
2026-11-30,3,459.6
2026-11-30,4,472.2
2026-11-30,5,462.9
2026-11-30,6,1242.0
2026-11-30,7,1157.5
2026-11-30,8,2959.1
2026-11-30,9,2901.5
2026-11-30,10,2852.9
2026-11-30,11,2639.8
2026-11-30,12,1381.2
2026-11-30,13,1555.8
2026-11-30,14,3003.5
2026-11-30,15,3256.5
2026-11-30,16,2898.1
2026-11-30,17,3038.5
2026-11-30,18,2037.9
2026-11-30,19,1994.3
2026-11-30,20,2231.5
2026-11-30,21,1018.6
2026-11-30,22,1043.0
2026-11-30,23,1060.7
2026-12-01,0,458.5
2026-12-01,1,471.8
2026-12-01,2,430.6
2026-12-01,3,421.3
2026-12-01,4,406.1
2026-12-01,5,433.4
2026-12-01,6,1099.4
2026-12-01,7,1039.5
2026-12-01,8,2662.4
2026-12-01,9,2447.7
2026-12-01,10,2696.6
2026-12-01,11,2703.6
2026-12-01,12,1365.7
2026-12-01,13,1317.5
2026-12-01,14,2969.5
2026-12-01,15,2902.2
2026-12-01,16,3042.2
2026-12-01,17,2968.2
2026-12-01,18,1918.9
2026-12-01,19,2035.6
2026-12-01,20,1939.1
2026-12-01,21,1028.4
2026-12-01,22,953.5
2026-12-01,23,993.9
2026-12-02,0,426.4
2026-12-02,1,419.8
2026-12-02,2,449.9
2026-12-02,3,437.6
2026-12-02,4,449.5
2026-12-02,5,464.3
2026-12-02,6,1121.5
2026-12-02,7,1130.5
2026-12-02,8,2824.7
2026-12-02,9,2496.0
2026-12-02,10,2465.0
2026-12-02,11,2438.8
2026-12-02,12,1319.0
2026-12-02,13,1356.1
2026-12-02,14,2924.5
2026-12-02,15,2940.7
2026-12-02,16,2728.1
2026-12-02,17,2727.3
2026-12-02,18,2124.1
2026-12-02,19,1957.8
2026-12-02,20,2035.1
2026-12-02,21,1014.2
2026-12-02,22,957.8
2026-12-02,23,1002.5
2026-12-03,0,410.6
2026-12-03,1,444.0
2026-12-03,2,471.9
2026-12-03,3,426.0
2026-12-03,4,424.6
2026-12-03,5,456.8
2026-12-03,6,1153.9
2026-12-03,7,1173.0
2026-12-03,8,2662.5
2026-12-03,9,2494.7
2026-12-03,10,2480.9
2026-12-03,11,2757.2
2026-12-03,12,1419.2
2026-12-03,13,1274.3
2026-12-03,14,2852.8
2026-12-03,15,2920.5
2026-12-03,16,2680.8
2026-12-03,17,2675.9
2026-12-03,18,2152.4
2026-12-03,19,1866.1
2026-12-03,20,1861.5
2026-12-03,21,961.0
2026-12-03,22,1070.8
2026-12-03,23,1018.3
2026-12-04,0,433.1
2026-12-04,1,424.7
2026-12-04,2,430.7
2026-12-04,3,461.2
2026-12-04,4,448.7
2026-12-04,5,409.3
2026-12-04,6,1145.6
2026-12-04,7,1118.2
2026-12-04,8,2638.0
2026-12-04,9,2476.4
2026-12-04,10,2523.5
2026-12-04,11,2626.7
2026-12-04,12,1448.6
2026-12-04,13,1350.8
2026-12-04,14,3085.1
2026-12-04,15,2691.5
2026-12-04,16,2710.0
2026-12-04,17,3046.0
2026-12-04,18,2050.7
2026-12-04,19,2109.9
2026-12-04,20,1861.8
2026-12-04,21,1024.3
2026-12-04,22,1063.7
2026-12-04,23,1045.6
2026-12-05,0,223.2
2026-12-05,1,243.9
2026-12-05,2,233.4
2026-12-05,3,211.7
2026-12-05,4,244.9
2026-12-05,5,239.4
2026-12-05,6,551.2
2026-12-05,7,620.0
2026-12-05,8,1423.2
2026-12-05,9,1477.4
2026-12-05,10,1346.8
2026-12-05,11,1414.4
2026-12-05,12,757.0
2026-12-05,13,731.7
2026-12-05,14,1582.9
2026-12-05,15,1495.0
2026-12-05,16,1385.5
2026-12-05,17,1566.9
2026-12-05,18,1115.5
2026-12-05,19,1114.1
2026-12-05,20,1100.8
2026-12-05,21,541.1
2026-12-05,22,542.4
2026-12-05,23,538.8
2026-12-06,0,242.4
2026-12-06,1,222.0
2026-12-06,2,243.5
2026-12-06,3,218.7
2026-12-06,4,244.9
2026-12-06,5,224.8
2026-12-06,6,600.3
2026-12-06,7,545.4
2026-12-06,8,1364.8
2026-12-06,9,1272.6
2026-12-06,10,1401.7
2026-12-06,11,1411.8
2026-12-06,12,706.9
2026-12-06,13,688.7
2026-12-06,14,1522.7
2026-12-06,15,1539.1
2026-12-06,16,1514.7
2026-12-06,17,1547.4
2026-12-06,18,1014.1
2026-12-06,19,981.7
2026-12-06,20,998.8
2026-12-06,21,486.2
2026-12-06,22,549.8
2026-12-06,23,507.8
2026-12-07,0,405.6
2026-12-07,1,461.4
2026-12-07,2,446.9
2026-12-07,3,424.4
2026-12-07,4,461.6
2026-12-07,5,473.4
2026-12-07,6,1172.2
2026-12-07,7,1198.4
2026-12-07,8,2767.7
2026-12-07,9,2467.6
2026-12-07,10,2829.8
2026-12-07,11,2684.2
2026-12-07,12,1297.4
2026-12-07,13,1309.1
2026-12-07,14,2941.4
2026-12-07,15,2665.6
2026-12-07,16,2919.6
2026-12-07,17,3067.9
2026-12-07,18,2088.6
2026-12-07,19,2049.9
2026-12-07,20,2049.4
2026-12-07,21,979.0
2026-12-07,22,979.8
2026-12-07,23,997.9
2026-12-08,0,444.3
2026-12-08,1,407.3
2026-12-08,2,412.6
2026-12-08,3,438.2
2026-12-08,4,457.8
2026-12-08,5,472.9
2026-12-08,6,1128.2
2026-12-08,7,1078.9
2026-12-08,8,2493.1
2026-12-08,9,2533.9
2026-12-08,10,2710.2
2026-12-08,11,2671.7
2026-12-08,12,1280.6
2026-12-08,13,1421.2
2026-12-08,14,2907.0
2026-12-08,15,3038.4
2026-12-08,16,3102.8
2026-12-08,17,2942.3
2026-12-08,18,2138.0
2026-12-08,19,1983.2
2026-12-08,20,1997.2
2026-12-08,21,1004.4
2026-12-08,22,1043.1
2026-12-08,23,945.0
2026-12-09,0,424.1
2026-12-09,1,449.2
2026-12-09,2,406.4
2026-12-09,3,468.7
2026-12-09,4,446.4
2026-12-09,5,438.7
2026-12-09,6,1098.8
2026-12-09,7,1093.9
2026-12-09,8,2526.0
2026-12-09,9,2512.7
2026-12-09,10,2666.7
2026-12-09,11,2718.7
2026-12-09,12,1297.3
2026-12-09,13,1342.8
2026-12-09,14,2787.2
2026-12-09,15,2988.0
2026-12-09,16,2929.0
2026-12-09,17,2869.2
2026-12-09,18,2124.7
2026-12-09,19,1894.2
2026-12-09,20,1981.3
2026-12-09,21,1010.4
2026-12-09,22,1041.6
2026-12-09,23,1001.2
2026-12-10,0,467.3
2026-12-10,1,460.2
2026-12-10,2,454.9
2026-12-10,3,464.9
2026-12-10,4,473.7
2026-12-10,5,419.5
2026-12-10,6,1138.3
2026-12-10,7,1072.2
2026-12-10,8,2668.7
2026-12-10,9,2439.7
2026-12-10,10,2574.4
2026-12-10,11,2792.0
2026-12-10,12,1293.9
2026-12-10,13,1406.6
2026-12-10,14,2776.2
2026-12-10,15,2770.9
2026-12-10,16,2973.5
2026-12-10,17,2938.7
2026-12-10,18,1878.3
2026-12-10,19,1884.1
2026-12-10,20,1979.5
2026-12-10,21,1020.6
2026-12-10,22,1005.6
2026-12-10,23,947.2
2026-12-11,0,451.8
2026-12-11,1,473.8
2026-12-11,2,459.4
2026-12-11,3,414.8
2026-12-11,4,442.1
2026-12-11,5,413.4
2026-12-11,6,1159.2
2026-12-11,7,1192.9
2026-12-11,8,2649.8
2026-12-11,9,2781.3
2026-12-11,10,2749.4
2026-12-11,11,2551.7
2026-12-11,12,1409.0
2026-12-11,13,1335.2
2026-12-11,14,3107.7
2026-12-11,15,2703.0
2026-12-11,16,2654.8
2026-12-11,17,2908.4
2026-12-11,18,1876.6
2026-12-11,19,2008.7
2026-12-11,20,2118.1
2026-12-11,21,948.3
2026-12-11,22,928.4
2026-12-11,23,1035.6
2026-12-12,0,246.3
2026-12-12,1,233.9
2026-12-12,2,243.2
2026-12-12,3,214.2
2026-12-12,4,242.6
2026-12-12,5,224.2
2026-12-12,6,616.3
2026-12-12,7,616.3
2026-12-12,8,1438.7
2026-12-12,9,1408.5
2026-12-12,10,1466.6
2026-12-12,11,1427.7
2026-12-12,12,666.7
2026-12-12,13,680.2
2026-12-12,14,1389.2
2026-12-12,15,1562.2
2026-12-12,16,1466.5
2026-12-12,17,1510.2
2026-12-12,18,1012.1
2026-12-12,19,1073.9
2026-12-12,20,1010.8
2026-12-12,21,484.3
2026-12-12,22,554.2
2026-12-12,23,497.4
2026-12-13,0,244.8
2026-12-13,1,243.2
2026-12-13,2,235.0
2026-12-13,3,240.8
2026-12-13,4,240.5
2026-12-13,5,217.8
2026-12-13,6,561.5
2026-12-13,7,546.2
2026-12-13,8,1358.6
2026-12-13,9,1266.2
2026-12-13,10,1350.5
2026-12-13,11,1469.3
2026-12-13,12,690.9
2026-12-13,13,660.2
2026-12-13,14,1551.0
2026-12-13,15,1451.6
2026-12-13,16,1567.5
2026-12-13,17,1591.3
2026-12-13,18,1031.3
2026-12-13,19,1102.8
2026-12-13,20,1048.7
2026-12-13,21,525.8
2026-12-13,22,503.9
2026-12-13,23,540.0
2026-12-14,0,417.3
2026-12-14,1,458.7
2026-12-14,2,407.6
2026-12-14,3,415.7
2026-12-14,4,458.6
2026-12-14,5,450.7
2026-12-14,6,1146.1
2026-12-14,7,1189.5
2026-12-14,8,2732.1
2026-12-14,9,2484.5
2026-12-14,10,2603.1
2026-12-14,11,2792.5
2026-12-14,12,1350.4
2026-12-14,13,1347.1
2026-12-14,14,2697.3
2026-12-14,15,2849.1
2026-12-14,16,2930.9
2026-12-14,17,2931.7
2026-12-14,18,2123.3
2026-12-14,19,2119.5
2026-12-14,20,2094.5
2026-12-14,21,940.4
2026-12-14,22,922.8
2026-12-14,23,924.2
2026-12-15,0,434.5
2026-12-15,1,423.4
2026-12-15,2,466.5
2026-12-15,3,425.6
2026-12-15,4,425.9
2026-12-15,5,416.7
2026-12-15,6,1167.7
2026-12-15,7,1039.4
2026-12-15,8,2493.6
2026-12-15,9,2834.0
2026-12-15,10,2594.9
2026-12-15,11,2720.9
2026-12-15,12,1302.3
2026-12-15,13,1395.1
2026-12-15,14,2797.5
2026-12-15,15,2983.0
2026-12-15,16,2871.3
2026-12-15,17,2816.8
2026-12-15,18,1876.6
2026-12-15,19,1955.8
2026-12-15,20,1865.6
2026-12-15,21,953.1
2026-12-15,22,1042.2
2026-12-15,23,991.2
2026-12-16,0,407.0
2026-12-16,1,418.8
2026-12-16,2,416.6
2026-12-16,3,422.4
2026-12-16,4,409.5
2026-12-16,5,409.0
2026-12-16,6,1038.1
2026-12-16,7,1042.1
2026-12-16,8,2583.8
2026-12-16,9,2538.5
2026-12-16,10,2768.4
2026-12-16,11,2461.4
2026-12-16,12,1415.7
2026-12-16,13,1275.5
2026-12-16,14,2875.9
2026-12-16,15,3070.6
2026-12-16,16,3110.2
2026-12-16,17,2764.2
2026-12-16,18,2042.9
2026-12-16,19,2088.3
2026-12-16,20,2096.4
2026-12-16,21,964.5
2026-12-16,22,1005.6
2026-12-16,23,947.4
2026-12-17,0,427.1
2026-12-17,1,413.4
2026-12-17,2,421.9
2026-12-17,3,419.7
2026-12-17,4,420.7
2026-12-17,5,444.8
2026-12-17,6,1059.0
2026-12-17,7,1061.4
2026-12-17,8,2598.3
2026-12-17,9,2755.8
2026-12-17,10,2756.8
2026-12-17,11,2450.6
2026-12-17,12,1294.2
2026-12-17,13,1444.3
2026-12-17,14,2744.8
2026-12-17,15,2893.8
2026-12-17,16,2849.8
2026-12-17,17,2795.6
2026-12-17,18,2075.0
2026-12-17,19,1851.5
2026-12-17,20,1965.0
2026-12-17,21,988.5
2026-12-17,22,999.5
2026-12-17,23,934.6
2026-12-18,0,437.7
2026-12-18,1,469.5
2026-12-18,2,406.8
2026-12-18,3,434.9
2026-12-18,4,441.9
2026-12-18,5,444.2
2026-12-18,6,1039.5
2026-12-18,7,1189.4
2026-12-18,8,2457.7
2026-12-18,9,2818.1
2026-12-18,10,2422.5
2026-12-18,11,2802.0
2026-12-18,12,1409.1
2026-12-18,13,1275.5
2026-12-18,14,3017.6
2026-12-18,15,2714.4
2026-12-18,16,3029.3
2026-12-18,17,2909.5
2026-12-18,18,1924.3
2026-12-18,19,2143.3
2026-12-18,20,2100.1
2026-12-18,21,966.8
2026-12-18,22,944.9
2026-12-18,23,953.1
2026-12-19,0,237.9
2026-12-19,1,215.8
2026-12-19,2,231.1
2026-12-19,3,227.9
2026-12-19,4,218.8
2026-12-19,5,234.5
2026-12-19,6,584.3
2026-12-19,7,550.6
2026-12-19,8,1288.8
2026-12-19,9,1373.6
2026-12-19,10,1339.3
2026-12-19,11,1413.6
2026-12-19,12,725.7
2026-12-19,13,769.9
2026-12-19,14,1530.7
2026-12-19,15,1488.1
2026-12-19,16,1391.8
2026-12-19,17,1415.2
2026-12-19,18,1036.2
2026-12-19,19,960.2
2026-12-19,20,1070.7
2026-12-19,21,541.6
2026-12-19,22,532.9
2026-12-19,23,556.6
2026-12-20,0,241.9
2026-12-20,1,212.2
2026-12-20,2,243.8
2026-12-20,3,233.9
2026-12-20,4,235.7
2026-12-20,5,225.4
2026-12-20,6,550.1
2026-12-20,7,593.5
2026-12-20,8,1260.1
2026-12-20,9,1457.6
2026-12-20,10,1301.8
2026-12-20,11,1336.8
2026-12-20,12,667.2
2026-12-20,13,753.4
2026-12-20,14,1526.1
2026-12-20,15,1583.3
2026-12-20,16,1408.9
2026-12-20,17,1561.4
2026-12-20,18,1055.0
2026-12-20,19,989.5
2026-12-20,20,1044.3
2026-12-20,21,504.9
2026-12-20,22,507.3
2026-12-20,23,486.6
2026-12-21,0,450.8
2026-12-21,1,471.4
2026-12-21,2,453.7
2026-12-21,3,444.5
2026-12-21,4,416.3
2026-12-21,5,448.9
2026-12-21,6,1110.8
2026-12-21,7,1085.0
2026-12-21,8,2745.4
2026-12-21,9,2562.3
2026-12-21,10,2585.5
2026-12-21,11,2544.9
2026-12-21,12,1319.1
2026-12-21,13,1322.0
2026-12-21,14,2669.8
2026-12-21,15,2996.0
2026-12-21,16,2753.4
2026-12-21,17,2785.5
2026-12-21,18,2112.9
2026-12-21,19,2078.8
2026-12-21,20,1922.9
2026-12-21,21,1030.0
2026-12-21,22,1067.3
2026-12-21,23,1072.0
2026-12-22,0,436.3
2026-12-22,1,469.4
2026-12-22,2,427.1
2026-12-22,3,408.4
2026-12-22,4,453.3
2026-12-22,5,426.1
2026-12-22,6,1109.3
2026-12-22,7,1199.5
2026-12-22,8,2432.1
2026-12-22,9,2650.4
2026-12-22,10,2682.7
2026-12-22,11,2656.5
2026-12-22,12,1434.1
2026-12-22,13,1455.6
2026-12-22,14,2969.6
2026-12-22,15,2668.7
2026-12-22,16,2819.7
2026-12-22,17,2957.5
2026-12-22,18,1857.8
2026-12-22,19,1864.8
2026-12-22,20,1971.0
2026-12-22,21,1075.6
2026-12-22,22,961.8
2026-12-22,23,989.1
2026-12-23,0,459.0
2026-12-23,1,465.2
2026-12-23,2,413.9
2026-12-23,3,464.0
2026-12-23,4,406.8
2026-12-23,5,435.1
2026-12-23,6,1188.2
2026-12-23,7,1040.3
2026-12-23,8,2559.6
2026-12-23,9,2784.4
2026-12-23,10,2489.3
2026-12-23,11,2457.0
2026-12-23,12,1269.5
2026-12-23,13,1404.1
2026-12-23,14,2661.0
2026-12-23,15,3040.8
2026-12-23,16,2834.1
2026-12-23,17,3025.2
2026-12-23,18,1875.3
2026-12-23,19,1893.2
2026-12-23,20,1873.1
2026-12-23,21,982.2
2026-12-23,22,959.6
2026-12-23,23,1077.3
2026-12-24,0,445.8
2026-12-24,1,411.6
2026-12-24,2,433.8
2026-12-24,3,448.0
2026-12-24,4,463.3
2026-12-24,5,438.7
2026-12-24,6,1207.4
2026-12-24,7,1161.1
2026-12-24,8,2595.1
2026-12-24,9,2836.8
2026-12-24,10,2489.6
2026-12-24,11,2673.7
2026-12-24,12,1273.5
2026-12-24,13,1308.2
2026-12-24,14,2737.2
2026-12-24,15,3001.3
2026-12-24,16,3093.0
2026-12-24,17,2759.1
2026-12-24,18,2144.7
2026-12-24,19,1954.4
2026-12-24,20,1956.7
2026-12-24,21,964.5
2026-12-24,22,1044.3
2026-12-24,23,1048.5
2026-12-25,0,419.4
2026-12-25,1,464.3
2026-12-25,2,441.4
2026-12-25,3,438.5
2026-12-25,4,420.9
2026-12-25,5,416.5
2026-12-25,6,1096.1
2026-12-25,7,1135.6
2026-12-25,8,2782.2
2026-12-25,9,2485.7
2026-12-25,10,2679.0
2026-12-25,11,2662.6
2026-12-25,12,1316.5
2026-12-25,13,1488.7
2026-12-25,14,2688.5
2026-12-25,15,2923.6
2026-12-25,16,2983.5
2026-12-25,17,2774.2
2026-12-25,18,2051.4
2026-12-25,19,1960.6
2026-12-25,20,2045.4
2026-12-25,21,983.0
2026-12-25,22,975.2
2026-12-25,23,942.2
2026-12-26,0,211.6
2026-12-26,1,218.9
2026-12-26,2,246.0
2026-12-26,3,238.9
2026-12-26,4,211.3
2026-12-26,5,240.6
2026-12-26,6,612.5
2026-12-26,7,547.8
2026-12-26,8,1315.6
2026-12-26,9,1289.4
2026-12-26,10,1381.1
2026-12-26,11,1322.5
2026-12-26,12,720.6
2026-12-26,13,666.5
2026-12-26,14,1578.4
2026-12-26,15,1505.3
2026-12-26,16,1514.8
2026-12-26,17,1488.7
2026-12-26,18,1004.7
2026-12-26,19,993.2
2026-12-26,20,1011.6
2026-12-26,21,506.7
2026-12-26,22,560.6
2026-12-26,23,555.9
2026-12-27,0,230.0
2026-12-27,1,228.9
2026-12-27,2,222.9
2026-12-27,3,234.9
2026-12-27,4,230.6
2026-12-27,5,231.6
2026-12-27,6,599.7
2026-12-27,7,611.8
2026-12-27,8,1464.3
2026-12-27,9,1285.7
2026-12-27,10,1423.3
2026-12-27,11,1412.6
2026-12-27,12,664.2
2026-12-27,13,714.9
2026-12-27,14,1456.7
2026-12-27,15,1444.7
2026-12-27,16,1580.9
2026-12-27,17,1575.5
2026-12-27,18,995.6
2026-12-27,19,974.6
2026-12-27,20,1055.9
2026-12-27,21,533.3
2026-12-27,22,510.6
2026-12-27,23,533.7
2026-12-28,0,438.8
2026-12-28,1,464.8
2026-12-28,2,412.3
2026-12-28,3,456.8
2026-12-28,4,441.1
2026-12-28,5,466.6
2026-12-28,6,1042.8
2026-12-28,7,1131.6
2026-12-28,8,2437.8
2026-12-28,9,2789.9
2026-12-28,10,2449.3
2026-12-28,11,2653.6
2026-12-28,12,1279.5
2026-12-28,13,1382.7
2026-12-28,14,2787.1
2026-12-28,15,2941.8
2026-12-28,16,3007.9
2026-12-28,17,3103.2
2026-12-28,18,1881.7
2026-12-28,19,1986.1
2026-12-28,20,2038.0
2026-12-28,21,933.9
2026-12-28,22,938.6
2026-12-28,23,992.1
2026-12-29,0,408.0
2026-12-29,1,456.6
2026-12-29,2,464.0
2026-12-29,3,435.0
2026-12-29,4,436.9
2026-12-29,5,461.1
2026-12-29,6,1060.1
2026-12-29,7,1161.8
2026-12-29,8,2744.6
2026-12-29,9,2535.3
2026-12-29,10,2614.3
2026-12-29,11,2728.8
2026-12-29,12,1382.0
2026-12-29,13,1395.9
2026-12-29,14,2705.3
2026-12-29,15,3094.9
2026-12-29,16,2851.1
2026-12-29,17,2926.1
2026-12-29,18,1868.9
2026-12-29,19,2064.0
2026-12-29,20,2017.1
2026-12-29,21,1075.2
2026-12-29,22,989.1
2026-12-29,23,941.3
2026-12-30,0,411.5
2026-12-30,1,430.9
2026-12-30,2,408.1
2026-12-30,3,466.3
2026-12-30,4,424.1
2026-12-30,5,472.6
2026-12-30,6,1123.8
2026-12-30,7,1174.9
2026-12-30,8,2766.5
2026-12-30,9,2738.6
2026-12-30,10,2688.7
2026-12-30,11,2454.4
2026-12-30,12,1292.9
2026-12-30,13,1384.6
2026-12-30,14,2977.6
2026-12-30,15,2808.2
2026-12-30,16,2843.5
2026-12-30,17,2861.3
2026-12-30,18,1970.5
2026-12-30,19,1967.8
2026-12-30,20,2085.1
2026-12-30,21,1072.2
2026-12-30,22,1059.1
2026-12-30,23,1004.3
2026-12-31,0,467.4
2026-12-31,1,425.4
2026-12-31,2,434.0
2026-12-31,3,462.0
2026-12-31,4,466.6
2026-12-31,5,423.4
2026-12-31,6,1074.6
2026-12-31,7,1137.6
2026-12-31,8,2666.4
2026-12-31,9,2772.2
2026-12-31,10,2734.2
2026-12-31,11,2617.3
2026-12-31,12,1333.5
2026-12-31,13,1466.0
2026-12-31,14,2666.8
2026-12-31,15,2976.9
2026-12-31,16,2766.9
2026-12-31,17,2759.1
2026-12-31,18,1952.2
2026-12-31,19,2026.7
2026-12-31,20,1864.3
2026-12-31,21,1034.8
2026-12-31,22,1004.2
2026-12-31,23,968.5
